#
# TABLE STRUCTURE FOR: communities
#

DROP TABLE IF EXISTS `communities`;

CREATE TABLE `communities` (
  `id` bigint(20) unsigned NOT NULL AUTO_INCREMENT,
  `name` varchar(150) DEFAULT NULL,
  PRIMARY KEY (`id`),
  UNIQUE KEY `id` (`id`),
  KEY `communities_name_idx` (`name`)
) ENGINE=InnoDB AUTO_INCREMENT=101 DEFAULT CHARSET=latin1;

INSERT INTO `communities` (`id`, `name`) VALUES ('48', 'a');
INSERT INTO `communities` (`id`, `name`) VALUES ('25', 'accusantium');
INSERT INTO `communities` (`id`, `name`) VALUES ('77', 'ad');
INSERT INTO `communities` (`id`, `name`) VALUES ('11', 'aliquid');
INSERT INTO `communities` (`id`, `name`) VALUES ('85', 'aperiam');
INSERT INTO `communities` (`id`, `name`) VALUES ('9', 'architecto');
INSERT INTO `communities` (`id`, `name`) VALUES ('90', 'assumenda');
INSERT INTO `communities` (`id`, `name`) VALUES ('60', 'atque');
INSERT INTO `communities` (`id`, `name`) VALUES ('47', 'aut');
INSERT INTO `communities` (`id`, `name`) VALUES ('28', 'autem');
INSERT INTO `communities` (`id`, `name`) VALUES ('41', 'blanditiis');
INSERT INTO `communities` (`id`, `name`) VALUES ('6', 'commodi');
INSERT INTO `communities` (`id`, `name`) VALUES ('14', 'consequatur');
INSERT INTO `communities` (`id`, `name`) VALUES ('93', 'corrupti');
INSERT INTO `communities` (`id`, `name`) VALUES ('62', 'culpa');
INSERT INTO `communities` (`id`, `name`) VALUES ('56', 'cumque');
INSERT INTO `communities` (`id`, `name`) VALUES ('69', 'delectus');
INSERT INTO `communities` (`id`, `name`) VALUES ('5', 'deserunt');
INSERT INTO `communities` (`id`, `name`) VALUES ('50', 'dicta');
INSERT INTO `communities` (`id`, `name`) VALUES ('39', 'dignissimos');
INSERT INTO `communities` (`id`, `name`) VALUES ('66', 'distinctio');
INSERT INTO `communities` (`id`, `name`) VALUES ('61', 'dolorem');
INSERT INTO `communities` (`id`, `name`) VALUES ('84', 'doloremque');
INSERT INTO `communities` (`id`, `name`) VALUES ('21', 'dolores');
INSERT INTO `communities` (`id`, `name`) VALUES ('100', 'doloribus');
INSERT INTO `communities` (`id`, `name`) VALUES ('94', 'dolorum');
INSERT INTO `communities` (`id`, `name`) VALUES ('72', 'ducimus');
INSERT INTO `communities` (`id`, `name`) VALUES ('45', 'ea');
INSERT INTO `communities` (`id`, `name`) VALUES ('43', 'eius');
INSERT INTO `communities` (`id`, `name`) VALUES ('98', 'enim');
INSERT INTO `communities` (`id`, `name`) VALUES ('18', 'eos');
INSERT INTO `communities` (`id`, `name`) VALUES ('20', 'esse');
INSERT INTO `communities` (`id`, `name`) VALUES ('19', 'est');
INSERT INTO `communities` (`id`, `name`) VALUES ('2', 'et');
INSERT INTO `communities` (`id`, `name`) VALUES ('15', 'eum');
INSERT INTO `communities` (`id`, `name`) VALUES ('95', 'eveniet');
INSERT INTO `communities` (`id`, `name`) VALUES ('44', 'ex');
INSERT INTO `communities` (`id`, `name`) VALUES ('10', 'exercitationem');
INSERT INTO `communities` (`id`, `name`) VALUES ('87', 'facilis');
INSERT INTO `communities` (`id`, `name`) VALUES ('58', 'fugiat');
INSERT INTO `communities` (`id`, `name`) VALUES ('68', 'illum');
INSERT INTO `communities` (`id`, `name`) VALUES ('78', 'in');
INSERT INTO `communities` (`id`, `name`) VALUES ('52', 'inventore');
INSERT INTO `communities` (`id`, `name`) VALUES ('8', 'iure');
INSERT INTO `communities` (`id`, `name`) VALUES ('46', 'iusto');
INSERT INTO `communities` (`id`, `name`) VALUES ('17', 'laudantium');
INSERT INTO `communities` (`id`, `name`) VALUES ('88', 'magnam');
INSERT INTO `communities` (`id`, `name`) VALUES ('54', 'minima');
INSERT INTO `communities` (`id`, `name`) VALUES ('89', 'molestiae');
INSERT INTO `communities` (`id`, `name`) VALUES ('27', 'mollitia');
INSERT INTO `communities` (`id`, `name`) VALUES ('38', 'nam');
INSERT INTO `communities` (`id`, `name`) VALUES ('96', 'natus');
INSERT INTO `communities` (`id`, `name`) VALUES ('30', 'nihil');
INSERT INTO `communities` (`id`, `name`) VALUES ('70', 'nisi');
INSERT INTO `communities` (`id`, `name`) VALUES ('35', 'non');
INSERT INTO `communities` (`id`, `name`) VALUES ('79', 'nostrum');
INSERT INTO `communities` (`id`, `name`) VALUES ('99', 'nulla');
INSERT INTO `communities` (`id`, `name`) VALUES ('36', 'numquam');
INSERT INTO `communities` (`id`, `name`) VALUES ('55', 'occaecati');
INSERT INTO `communities` (`id`, `name`) VALUES ('75', 'odit');
INSERT INTO `communities` (`id`, `name`) VALUES ('74', 'officiis');
INSERT INTO `communities` (`id`, `name`) VALUES ('22', 'omnis');
INSERT INTO `communities` (`id`, `name`) VALUES ('26', 'pariatur');
INSERT INTO `communities` (`id`, `name`) VALUES ('32', 'perferendis');
INSERT INTO `communities` (`id`, `name`) VALUES ('83', 'perspiciatis');
INSERT INTO `communities` (`id`, `name`) VALUES ('34', 'porro');
INSERT INTO `communities` (`id`, `name`) VALUES ('49', 'possimus');
INSERT INTO `communities` (`id`, `name`) VALUES ('13', 'provident');
INSERT INTO `communities` (`id`, `name`) VALUES ('3', 'quaerat');
INSERT INTO `communities` (`id`, `name`) VALUES ('37', 'quam');
INSERT INTO `communities` (`id`, `name`) VALUES ('42', 'qui');
INSERT INTO `communities` (`id`, `name`) VALUES ('40', 'quia');
INSERT INTO `communities` (`id`, `name`) VALUES ('81', 'quis');
INSERT INTO `communities` (`id`, `name`) VALUES ('91', 'quo');
INSERT INTO `communities` (`id`, `name`) VALUES ('63', 'quod');
INSERT INTO `communities` (`id`, `name`) VALUES ('67', 'quos');
INSERT INTO `communities` (`id`, `name`) VALUES ('92', 'ratione');
INSERT INTO `communities` (`id`, `name`) VALUES ('65', 'recusandae');
INSERT INTO `communities` (`id`, `name`) VALUES ('53', 'reiciendis');
INSERT INTO `communities` (`id`, `name`) VALUES ('29', 'repellendus');
INSERT INTO `communities` (`id`, `name`) VALUES ('71', 'reprehenderit');
INSERT INTO `communities` (`id`, `name`) VALUES ('97', 'repudiandae');
INSERT INTO `communities` (`id`, `name`) VALUES ('59', 'rerum');
INSERT INTO `communities` (`id`, `name`) VALUES ('80', 'saepe');
INSERT INTO `communities` (`id`, `name`) VALUES ('82', 'sapiente');
INSERT INTO `communities` (`id`, `name`) VALUES ('51', 'sed');
INSERT INTO `communities` (`id`, `name`) VALUES ('64', 'sint');
INSERT INTO `communities` (`id`, `name`) VALUES ('76', 'sit');
INSERT INTO `communities` (`id`, `name`) VALUES ('23', 'sunt');
INSERT INTO `communities` (`id`, `name`) VALUES ('33', 'tempora');
INSERT INTO `communities` (`id`, `name`) VALUES ('73', 'tempore');
INSERT INTO `communities` (`id`, `name`) VALUES ('16', 'tenetur');
INSERT INTO `communities` (`id`, `name`) VALUES ('12', 'ut');
INSERT INTO `communities` (`id`, `name`) VALUES ('1', 'vel');
INSERT INTO `communities` (`id`, `name`) VALUES ('24', 'velit');
INSERT INTO `communities` (`id`, `name`) VALUES ('86', 'veniam');
INSERT INTO `communities` (`id`, `name`) VALUES ('57', 'vitae');
INSERT INTO `communities` (`id`, `name`) VALUES ('4', 'voluptas');
INSERT INTO `communities` (`id`, `name`) VALUES ('7', 'voluptatem');
INSERT INTO `communities` (`id`, `name`) VALUES ('31', 'voluptates');


#
# TABLE STRUCTURE FOR: friend_requests
#

DROP TABLE IF EXISTS `friend_requests`;

CREATE TABLE `friend_requests` (
  `initiator_user_id` bigint(20) unsigned NOT NULL,
  `target_user_id` bigint(20) unsigned NOT NULL,
  `status` enum('requested','approved','unfriended','declined') DEFAULT NULL,
  `requested_at` datetime DEFAULT current_timestamp(),
  `confirmed_at` datetime DEFAULT NULL,
  PRIMARY KEY (`initiator_user_id`,`target_user_id`),
  KEY `initiator_user_id` (`initiator_user_id`),
  KEY `target_user_id` (`target_user_id`),
  CONSTRAINT `friend_requests_ibfk_1` FOREIGN KEY (`initiator_user_id`) REFERENCES `users` (`id`),
  CONSTRAINT `friend_requests_ibfk_2` FOREIGN KEY (`target_user_id`) REFERENCES `users` (`id`)
) ENGINE=InnoDB DEFAULT CHARSET=latin1;

INSERT INTO `friend_requests` (`initiator_user_id`, `target_user_id`, `status`, `requested_at`, `confirmed_at`) VALUES ('1', '62', 'approved', '2009-03-29 06:44:25', '2020-05-31 00:00:00');
INSERT INTO `friend_requests` (`initiator_user_id`, `target_user_id`, `status`, `requested_at`, `confirmed_at`) VALUES ('1', '78', 'declined', '1984-11-06 12:58:00', '2020-05-31 00:00:00');
INSERT INTO `friend_requests` (`initiator_user_id`, `target_user_id`, `status`, `requested_at`, `confirmed_at`) VALUES ('3', '92', 'unfriended', '1991-06-15 18:38:16', '2020-05-31 00:00:00');
INSERT INTO `friend_requests` (`initiator_user_id`, `target_user_id`, `status`, `requested_at`, `confirmed_at`) VALUES ('6', '48', 'requested', '2012-11-27 19:04:19', '2020-05-31 00:00:00');
INSERT INTO `friend_requests` (`initiator_user_id`, `target_user_id`, `status`, `requested_at`, `confirmed_at`) VALUES ('6', '74', 'approved', '2018-10-20 20:17:21', '2020-05-31 00:00:00');
INSERT INTO `friend_requests` (`initiator_user_id`, `target_user_id`, `status`, `requested_at`, `confirmed_at`) VALUES ('7', '19', 'unfriended', '2017-08-03 09:23:27', '2020-05-31 00:00:00');
INSERT INTO `friend_requests` (`initiator_user_id`, `target_user_id`, `status`, `requested_at`, `confirmed_at`) VALUES ('8', '62', 'declined', '2010-08-13 22:51:18', '2020-05-31 00:00:00');
INSERT INTO `friend_requests` (`initiator_user_id`, `target_user_id`, `status`, `requested_at`, `confirmed_at`) VALUES ('8', '74', 'approved', '2019-10-09 02:20:11', '2020-05-31 00:00:00');
INSERT INTO `friend_requests` (`initiator_user_id`, `target_user_id`, `status`, `requested_at`, `confirmed_at`) VALUES ('9', '84', 'unfriended', '2010-06-03 10:54:34', '2020-05-31 00:00:00');
INSERT INTO `friend_requests` (`initiator_user_id`, `target_user_id`, `status`, `requested_at`, `confirmed_at`) VALUES ('10', '4', 'declined', '1970-02-09 22:57:40', '2020-05-31 00:00:00');
INSERT INTO `friend_requests` (`initiator_user_id`, `target_user_id`, `status`, `requested_at`, `confirmed_at`) VALUES ('10', '19', 'declined', '1992-03-16 17:04:51', '2020-05-31 00:00:00');
INSERT INTO `friend_requests` (`initiator_user_id`, `target_user_id`, `status`, `requested_at`, `confirmed_at`) VALUES ('13', '53', 'approved', '2010-02-06 06:56:53', '2020-05-31 00:00:00');
INSERT INTO `friend_requests` (`initiator_user_id`, `target_user_id`, `status`, `requested_at`, `confirmed_at`) VALUES ('13', '78', 'declined', '1983-08-24 21:47:48', '2020-05-31 00:00:00');
INSERT INTO `friend_requests` (`initiator_user_id`, `target_user_id`, `status`, `requested_at`, `confirmed_at`) VALUES ('13', '93', 'unfriended', '1975-12-15 01:22:15', '2020-05-31 00:00:00');
INSERT INTO `friend_requests` (`initiator_user_id`, `target_user_id`, `status`, `requested_at`, `confirmed_at`) VALUES ('14', '46', 'requested', '1981-08-26 00:43:11', '2020-05-31 00:00:00');
INSERT INTO `friend_requests` (`initiator_user_id`, `target_user_id`, `status`, `requested_at`, `confirmed_at`) VALUES ('14', '59', 'requested', '1991-11-29 00:23:41', '2020-05-31 00:00:00');
INSERT INTO `friend_requests` (`initiator_user_id`, `target_user_id`, `status`, `requested_at`, `confirmed_at`) VALUES ('16', '27', 'approved', '2012-04-24 20:29:07', '2020-05-31 00:00:00');
INSERT INTO `friend_requests` (`initiator_user_id`, `target_user_id`, `status`, `requested_at`, `confirmed_at`) VALUES ('17', '22', 'declined', '2011-10-14 09:47:28', '2020-05-31 00:00:00');
INSERT INTO `friend_requests` (`initiator_user_id`, `target_user_id`, `status`, `requested_at`, `confirmed_at`) VALUES ('17', '75', 'unfriended', '1972-07-11 05:38:12', '2020-05-31 00:00:00');
INSERT INTO `friend_requests` (`initiator_user_id`, `target_user_id`, `status`, `requested_at`, `confirmed_at`) VALUES ('19', '44', 'requested', '1982-08-10 01:59:18', '2020-05-31 00:00:00');
INSERT INTO `friend_requests` (`initiator_user_id`, `target_user_id`, `status`, `requested_at`, `confirmed_at`) VALUES ('19', '70', 'approved', '2018-12-01 16:06:17', '2020-05-31 00:00:00');
INSERT INTO `friend_requests` (`initiator_user_id`, `target_user_id`, `status`, `requested_at`, `confirmed_at`) VALUES ('19', '97', 'requested', '1979-09-08 12:53:49', '2020-05-31 00:00:00');
INSERT INTO `friend_requests` (`initiator_user_id`, `target_user_id`, `status`, `requested_at`, `confirmed_at`) VALUES ('22', '63', 'declined', '2004-09-13 14:12:50', '2020-05-31 00:00:00');
INSERT INTO `friend_requests` (`initiator_user_id`, `target_user_id`, `status`, `requested_at`, `confirmed_at`) VALUES ('23', '99', 'unfriended', '1971-04-05 04:07:33', '2020-05-31 00:00:00');
INSERT INTO `friend_requests` (`initiator_user_id`, `target_user_id`, `status`, `requested_at`, `confirmed_at`) VALUES ('25', '25', 'requested', '2001-12-04 22:03:08', '2020-05-31 00:00:00');
INSERT INTO `friend_requests` (`initiator_user_id`, `target_user_id`, `status`, `requested_at`, `confirmed_at`) VALUES ('25', '89', 'requested', '2000-03-09 03:45:52', '2020-05-31 00:00:00');
INSERT INTO `friend_requests` (`initiator_user_id`, `target_user_id`, `status`, `requested_at`, `confirmed_at`) VALUES ('25', '91', 'declined', '2010-01-10 08:38:45', '2020-05-31 00:00:00');
INSERT INTO `friend_requests` (`initiator_user_id`, `target_user_id`, `status`, `requested_at`, `confirmed_at`) VALUES ('28', '11', 'unfriended', '2007-12-21 23:49:37', '2020-05-31 00:00:00');
INSERT INTO `friend_requests` (`initiator_user_id`, `target_user_id`, `status`, `requested_at`, `confirmed_at`) VALUES ('28', '88', 'requested', '1983-10-03 14:45:01', '2020-05-31 00:00:00');
INSERT INTO `friend_requests` (`initiator_user_id`, `target_user_id`, `status`, `requested_at`, `confirmed_at`) VALUES ('30', '74', 'declined', '1987-07-24 17:48:31', '2020-05-31 00:00:00');
INSERT INTO `friend_requests` (`initiator_user_id`, `target_user_id`, `status`, `requested_at`, `confirmed_at`) VALUES ('32', '78', 'approved', '1981-11-17 02:56:34', '2020-05-31 00:00:00');
INSERT INTO `friend_requests` (`initiator_user_id`, `target_user_id`, `status`, `requested_at`, `confirmed_at`) VALUES ('32', '79', 'approved', '2012-07-02 18:37:01', '2020-05-31 00:00:00');
INSERT INTO `friend_requests` (`initiator_user_id`, `target_user_id`, `status`, `requested_at`, `confirmed_at`) VALUES ('32', '87', 'approved', '2011-04-05 12:46:14', '2020-05-31 00:00:00');
INSERT INTO `friend_requests` (`initiator_user_id`, `target_user_id`, `status`, `requested_at`, `confirmed_at`) VALUES ('33', '64', 'declined', '1986-05-25 01:52:49', '2020-05-31 00:00:00');
INSERT INTO `friend_requests` (`initiator_user_id`, `target_user_id`, `status`, `requested_at`, `confirmed_at`) VALUES ('34', '51', 'unfriended', '1985-12-01 08:44:42', '2020-05-31 00:00:00');
INSERT INTO `friend_requests` (`initiator_user_id`, `target_user_id`, `status`, `requested_at`, `confirmed_at`) VALUES ('34', '73', 'declined', '2004-11-08 11:47:16', '2020-05-31 00:00:00');
INSERT INTO `friend_requests` (`initiator_user_id`, `target_user_id`, `status`, `requested_at`, `confirmed_at`) VALUES ('35', '18', 'unfriended', '1985-03-05 02:31:22', '2020-05-31 00:00:00');
INSERT INTO `friend_requests` (`initiator_user_id`, `target_user_id`, `status`, `requested_at`, `confirmed_at`) VALUES ('35', '33', 'declined', '1988-09-29 08:53:30', '2020-05-31 00:00:00');
INSERT INTO `friend_requests` (`initiator_user_id`, `target_user_id`, `status`, `requested_at`, `confirmed_at`) VALUES ('35', '72', 'declined', '1988-05-01 10:54:07', '2020-05-31 00:00:00');
INSERT INTO `friend_requests` (`initiator_user_id`, `target_user_id`, `status`, `requested_at`, `confirmed_at`) VALUES ('36', '66', 'unfriended', '2014-01-24 02:37:19', '2020-05-31 00:00:00');
INSERT INTO `friend_requests` (`initiator_user_id`, `target_user_id`, `status`, `requested_at`, `confirmed_at`) VALUES ('37', '4', 'requested', '2015-06-16 22:42:17', '2020-05-31 00:00:00');
INSERT INTO `friend_requests` (`initiator_user_id`, `target_user_id`, `status`, `requested_at`, `confirmed_at`) VALUES ('41', '64', 'declined', '1977-02-24 20:13:44', '2020-05-31 00:00:00');
INSERT INTO `friend_requests` (`initiator_user_id`, `target_user_id`, `status`, `requested_at`, `confirmed_at`) VALUES ('43', '20', 'declined', '1985-03-18 01:56:36', '2020-05-31 00:00:00');
INSERT INTO `friend_requests` (`initiator_user_id`, `target_user_id`, `status`, `requested_at`, `confirmed_at`) VALUES ('43', '32', 'approved', '2015-03-01 20:53:27', '2020-05-31 00:00:00');
INSERT INTO `friend_requests` (`initiator_user_id`, `target_user_id`, `status`, `requested_at`, `confirmed_at`) VALUES ('44', '7', 'approved', '2012-08-26 09:03:01', '2020-05-31 00:00:00');
INSERT INTO `friend_requests` (`initiator_user_id`, `target_user_id`, `status`, `requested_at`, `confirmed_at`) VALUES ('45', '17', 'declined', '2020-01-16 16:48:26', '2020-05-31 00:00:00');
INSERT INTO `friend_requests` (`initiator_user_id`, `target_user_id`, `status`, `requested_at`, `confirmed_at`) VALUES ('45', '33', 'approved', '2020-01-01 19:54:28', '2020-05-31 00:00:00');
INSERT INTO `friend_requests` (`initiator_user_id`, `target_user_id`, `status`, `requested_at`, `confirmed_at`) VALUES ('46', '54', 'declined', '1983-10-16 19:22:04', '2020-05-31 00:00:00');
INSERT INTO `friend_requests` (`initiator_user_id`, `target_user_id`, `status`, `requested_at`, `confirmed_at`) VALUES ('47', '11', 'approved', '1979-07-20 21:45:09', '2020-05-31 00:00:00');
INSERT INTO `friend_requests` (`initiator_user_id`, `target_user_id`, `status`, `requested_at`, `confirmed_at`) VALUES ('47', '79', 'declined', '2006-07-07 15:12:39', '2020-05-31 00:00:00');
INSERT INTO `friend_requests` (`initiator_user_id`, `target_user_id`, `status`, `requested_at`, `confirmed_at`) VALUES ('48', '15', 'approved', '2015-02-04 21:27:01', '2020-05-31 00:00:00');
INSERT INTO `friend_requests` (`initiator_user_id`, `target_user_id`, `status`, `requested_at`, `confirmed_at`) VALUES ('49', '40', 'requested', '1993-04-19 02:42:48', '2020-05-31 00:00:00');
INSERT INTO `friend_requests` (`initiator_user_id`, `target_user_id`, `status`, `requested_at`, `confirmed_at`) VALUES ('50', '29', 'declined', '1980-03-05 11:19:52', '2020-05-31 00:00:00');
INSERT INTO `friend_requests` (`initiator_user_id`, `target_user_id`, `status`, `requested_at`, `confirmed_at`) VALUES ('50', '74', 'approved', '1976-05-11 15:01:06', '2020-05-31 00:00:00');
INSERT INTO `friend_requests` (`initiator_user_id`, `target_user_id`, `status`, `requested_at`, `confirmed_at`) VALUES ('52', '42', 'requested', '2010-07-12 14:47:54', '2020-05-31 00:00:00');
INSERT INTO `friend_requests` (`initiator_user_id`, `target_user_id`, `status`, `requested_at`, `confirmed_at`) VALUES ('52', '98', 'declined', '1986-10-09 13:51:28', '2020-05-31 00:00:00');
INSERT INTO `friend_requests` (`initiator_user_id`, `target_user_id`, `status`, `requested_at`, `confirmed_at`) VALUES ('53', '29', 'approved', '1983-05-22 12:42:17', '2020-05-31 00:00:00');
INSERT INTO `friend_requests` (`initiator_user_id`, `target_user_id`, `status`, `requested_at`, `confirmed_at`) VALUES ('53', '35', 'unfriended', '1994-10-01 08:46:26', '2020-05-31 00:00:00');
INSERT INTO `friend_requests` (`initiator_user_id`, `target_user_id`, `status`, `requested_at`, `confirmed_at`) VALUES ('53', '45', 'unfriended', '2002-03-06 15:56:45', '2020-05-31 00:00:00');
INSERT INTO `friend_requests` (`initiator_user_id`, `target_user_id`, `status`, `requested_at`, `confirmed_at`) VALUES ('54', '60', 'requested', '1999-08-22 06:24:42', '2020-05-31 00:00:00');
INSERT INTO `friend_requests` (`initiator_user_id`, `target_user_id`, `status`, `requested_at`, `confirmed_at`) VALUES ('55', '14', 'unfriended', '2010-11-04 18:02:23', '2020-05-31 00:00:00');
INSERT INTO `friend_requests` (`initiator_user_id`, `target_user_id`, `status`, `requested_at`, `confirmed_at`) VALUES ('55', '34', 'approved', '2015-04-17 00:14:57', '2020-05-31 00:00:00');
INSERT INTO `friend_requests` (`initiator_user_id`, `target_user_id`, `status`, `requested_at`, `confirmed_at`) VALUES ('58', '71', 'declined', '1986-09-04 08:00:28', '2020-05-31 00:00:00');
INSERT INTO `friend_requests` (`initiator_user_id`, `target_user_id`, `status`, `requested_at`, `confirmed_at`) VALUES ('59', '70', 'requested', '1971-08-28 12:53:30', '2020-05-31 00:00:00');
INSERT INTO `friend_requests` (`initiator_user_id`, `target_user_id`, `status`, `requested_at`, `confirmed_at`) VALUES ('61', '21', 'approved', '1980-10-21 14:50:15', '2020-05-31 00:00:00');
INSERT INTO `friend_requests` (`initiator_user_id`, `target_user_id`, `status`, `requested_at`, `confirmed_at`) VALUES ('61', '56', 'requested', '1970-11-28 15:12:59', '2020-05-31 00:00:00');
INSERT INTO `friend_requests` (`initiator_user_id`, `target_user_id`, `status`, `requested_at`, `confirmed_at`) VALUES ('62', '68', 'approved', '1988-02-20 12:23:35', '2020-05-31 00:00:00');
INSERT INTO `friend_requests` (`initiator_user_id`, `target_user_id`, `status`, `requested_at`, `confirmed_at`) VALUES ('63', '30', 'approved', '1982-04-17 04:43:01', '2020-05-31 00:00:00');
INSERT INTO `friend_requests` (`initiator_user_id`, `target_user_id`, `status`, `requested_at`, `confirmed_at`) VALUES ('64', '68', 'declined', '2013-03-02 13:56:38', '2020-05-31 00:00:00');
INSERT INTO `friend_requests` (`initiator_user_id`, `target_user_id`, `status`, `requested_at`, `confirmed_at`) VALUES ('65', '19', 'declined', '1975-11-28 02:03:27', '2020-05-31 00:00:00');
INSERT INTO `friend_requests` (`initiator_user_id`, `target_user_id`, `status`, `requested_at`, `confirmed_at`) VALUES ('66', '72', 'unfriended', '1985-09-01 14:39:39', '2020-05-31 00:00:00');
INSERT INTO `friend_requests` (`initiator_user_id`, `target_user_id`, `status`, `requested_at`, `confirmed_at`) VALUES ('66', '99', 'approved', '1978-07-12 15:42:09', '2020-05-31 00:00:00');
INSERT INTO `friend_requests` (`initiator_user_id`, `target_user_id`, `status`, `requested_at`, `confirmed_at`) VALUES ('67', '16', 'unfriended', '2006-03-25 01:48:20', '2020-05-31 00:00:00');
INSERT INTO `friend_requests` (`initiator_user_id`, `target_user_id`, `status`, `requested_at`, `confirmed_at`) VALUES ('68', '38', 'requested', '2009-01-17 00:22:59', '2020-05-31 00:00:00');
INSERT INTO `friend_requests` (`initiator_user_id`, `target_user_id`, `status`, `requested_at`, `confirmed_at`) VALUES ('69', '41', 'unfriended', '1973-09-11 15:51:35', '2020-05-31 00:00:00');
INSERT INTO `friend_requests` (`initiator_user_id`, `target_user_id`, `status`, `requested_at`, `confirmed_at`) VALUES ('71', '17', 'requested', '2004-06-01 17:27:19', '2020-05-31 00:00:00');
INSERT INTO `friend_requests` (`initiator_user_id`, `target_user_id`, `status`, `requested_at`, `confirmed_at`) VALUES ('71', '44', 'declined', '1972-09-08 08:42:58', '2020-05-31 00:00:00');
INSERT INTO `friend_requests` (`initiator_user_id`, `target_user_id`, `status`, `requested_at`, `confirmed_at`) VALUES ('72', '95', 'approved', '2002-06-07 12:44:28', '2020-05-31 00:00:00');
INSERT INTO `friend_requests` (`initiator_user_id`, `target_user_id`, `status`, `requested_at`, `confirmed_at`) VALUES ('73', '83', 'approved', '1996-10-17 18:44:39', '2020-05-31 00:00:00');
INSERT INTO `friend_requests` (`initiator_user_id`, `target_user_id`, `status`, `requested_at`, `confirmed_at`) VALUES ('75', '52', 'unfriended', '1979-09-25 07:29:31', '2020-05-31 00:00:00');
INSERT INTO `friend_requests` (`initiator_user_id`, `target_user_id`, `status`, `requested_at`, `confirmed_at`) VALUES ('76', '62', 'approved', '1976-06-30 02:20:37', '2020-05-31 00:00:00');
INSERT INTO `friend_requests` (`initiator_user_id`, `target_user_id`, `status`, `requested_at`, `confirmed_at`) VALUES ('78', '22', 'requested', '2011-06-08 07:07:43', '2020-05-31 00:00:00');
INSERT INTO `friend_requests` (`initiator_user_id`, `target_user_id`, `status`, `requested_at`, `confirmed_at`) VALUES ('79', '53', 'approved', '2003-03-15 10:36:51', '2020-05-31 00:00:00');
INSERT INTO `friend_requests` (`initiator_user_id`, `target_user_id`, `status`, `requested_at`, `confirmed_at`) VALUES ('80', '10', 'requested', '2010-04-18 01:30:37', '2020-05-31 00:00:00');
INSERT INTO `friend_requests` (`initiator_user_id`, `target_user_id`, `status`, `requested_at`, `confirmed_at`) VALUES ('82', '15', 'declined', '1995-05-11 23:33:40', '2020-05-31 00:00:00');
INSERT INTO `friend_requests` (`initiator_user_id`, `target_user_id`, `status`, `requested_at`, `confirmed_at`) VALUES ('83', '19', 'requested', '2009-04-28 14:57:31', '2020-05-31 00:00:00');
INSERT INTO `friend_requests` (`initiator_user_id`, `target_user_id`, `status`, `requested_at`, `confirmed_at`) VALUES ('83', '22', 'declined', '1987-07-13 06:07:23', '2020-05-31 00:00:00');
INSERT INTO `friend_requests` (`initiator_user_id`, `target_user_id`, `status`, `requested_at`, `confirmed_at`) VALUES ('84', '95', 'requested', '2013-11-15 15:53:09', '2020-05-31 00:00:00');
INSERT INTO `friend_requests` (`initiator_user_id`, `target_user_id`, `status`, `requested_at`, `confirmed_at`) VALUES ('86', '2', 'requested', '1985-01-01 07:29:19', '2020-05-31 00:00:00');
INSERT INTO `friend_requests` (`initiator_user_id`, `target_user_id`, `status`, `requested_at`, `confirmed_at`) VALUES ('89', '15', 'unfriended', '2011-03-31 05:50:40', '2020-05-31 00:00:00');
INSERT INTO `friend_requests` (`initiator_user_id`, `target_user_id`, `status`, `requested_at`, `confirmed_at`) VALUES ('90', '88', 'declined', '1992-03-28 09:51:13', '2020-05-31 00:00:00');
INSERT INTO `friend_requests` (`initiator_user_id`, `target_user_id`, `status`, `requested_at`, `confirmed_at`) VALUES ('92', '54', 'requested', '1979-11-05 08:36:50', '2020-05-31 00:00:00');
INSERT INTO `friend_requests` (`initiator_user_id`, `target_user_id`, `status`, `requested_at`, `confirmed_at`) VALUES ('93', '46', 'declined', '2002-07-26 07:25:11', '2020-05-31 00:00:00');
INSERT INTO `friend_requests` (`initiator_user_id`, `target_user_id`, `status`, `requested_at`, `confirmed_at`) VALUES ('96', '12', 'approved', '2003-12-09 15:38:58', '2020-05-31 00:00:00');
INSERT INTO `friend_requests` (`initiator_user_id`, `target_user_id`, `status`, `requested_at`, `confirmed_at`) VALUES ('97', '73', 'requested', '2003-04-18 03:33:38', '2020-05-31 00:00:00');
INSERT INTO `friend_requests` (`initiator_user_id`, `target_user_id`, `status`, `requested_at`, `confirmed_at`) VALUES ('99', '48', 'approved', '1974-10-24 23:31:09', '2020-05-31 00:00:00');
INSERT INTO `friend_requests` (`initiator_user_id`, `target_user_id`, `status`, `requested_at`, `confirmed_at`) VALUES ('99', '49', 'approved', '2001-07-02 12:34:47', '2020-05-31 00:00:00');
INSERT INTO `friend_requests` (`initiator_user_id`, `target_user_id`, `status`, `requested_at`, `confirmed_at`) VALUES ('99', '54', 'unfriended', '2014-08-05 19:45:11', '2020-05-31 00:00:00');


#
# TABLE STRUCTURE FOR: likes_media
#

DROP TABLE IF EXISTS `likes_media`;

CREATE TABLE `likes_media` (
  `id` bigint(20) unsigned NOT NULL AUTO_INCREMENT,
  `user_id` bigint(20) unsigned NOT NULL,
  `media_id` bigint(20) unsigned NOT NULL,
  `created_at` datetime DEFAULT current_timestamp(),
  `deleted_at` datetime DEFAULT current_timestamp() ON UPDATE current_timestamp(),
  PRIMARY KEY (`user_id`,`media_id`),
  UNIQUE KEY `id` (`id`),
  KEY `media_id` (`media_id`),
  CONSTRAINT `likes_media_ibfk_1` FOREIGN KEY (`user_id`) REFERENCES `users` (`id`),
  CONSTRAINT `likes_media_ibfk_2` FOREIGN KEY (`media_id`) REFERENCES `media` (`id`)
) ENGINE=InnoDB AUTO_INCREMENT=101 DEFAULT CHARSET=latin1;

INSERT INTO `likes_media` (`id`, `user_id`, `media_id`, `created_at`, `deleted_at`) VALUES ('78', '1', '82', '2008-04-23 07:03:03', '0000-00-00 00:00:00');
INSERT INTO `likes_media` (`id`, `user_id`, `media_id`, `created_at`, `deleted_at`) VALUES ('6', '3', '23', '1998-07-30 04:19:13', '1989-02-21 19:06:38');
INSERT INTO `likes_media` (`id`, `user_id`, `media_id`, `created_at`, `deleted_at`) VALUES ('1', '4', '14', '1981-09-10 14:41:57', '1982-03-08 23:02:01');
INSERT INTO `likes_media` (`id`, `user_id`, `media_id`, `created_at`, `deleted_at`) VALUES ('81', '5', '13', '1985-08-18 01:30:18', '2007-01-25 02:08:57');
INSERT INTO `likes_media` (`id`, `user_id`, `media_id`, `created_at`, `deleted_at`) VALUES ('60', '6', '45', '1998-10-16 23:35:36', '1989-05-10 02:55:01');
INSERT INTO `likes_media` (`id`, `user_id`, `media_id`, `created_at`, `deleted_at`) VALUES ('44', '7', '66', '1981-10-26 02:27:22', '2006-03-07 08:06:50');
INSERT INTO `likes_media` (`id`, `user_id`, `media_id`, `created_at`, `deleted_at`) VALUES ('28', '8', '13', '2020-05-28 05:18:36', '2011-09-03 06:08:22');
INSERT INTO `likes_media` (`id`, `user_id`, `media_id`, `created_at`, `deleted_at`) VALUES ('58', '8', '40', '1973-05-11 20:19:52', '1983-11-16 08:11:41');
INSERT INTO `likes_media` (`id`, `user_id`, `media_id`, `created_at`, `deleted_at`) VALUES ('71', '8', '77', '1996-03-30 11:33:27', '1986-04-03 08:41:46');
INSERT INTO `likes_media` (`id`, `user_id`, `media_id`, `created_at`, `deleted_at`) VALUES ('79', '9', '96', '1974-04-07 03:07:58', '1979-11-27 10:39:09');
INSERT INTO `likes_media` (`id`, `user_id`, `media_id`, `created_at`, `deleted_at`) VALUES ('83', '10', '75', '1998-06-16 11:11:37', '0000-00-00 00:00:00');
INSERT INTO `likes_media` (`id`, `user_id`, `media_id`, `created_at`, `deleted_at`) VALUES ('85', '11', '9', '2013-02-24 18:27:10', '1984-04-06 10:15:39');
INSERT INTO `likes_media` (`id`, `user_id`, `media_id`, `created_at`, `deleted_at`) VALUES ('19', '11', '43', '2012-06-17 08:12:24', '0000-00-00 00:00:00');
INSERT INTO `likes_media` (`id`, `user_id`, `media_id`, `created_at`, `deleted_at`) VALUES ('62', '11', '78', '1977-12-10 10:50:28', '0000-00-00 00:00:00');
INSERT INTO `likes_media` (`id`, `user_id`, `media_id`, `created_at`, `deleted_at`) VALUES ('42', '11', '95', '1991-11-17 09:33:05', '0000-00-00 00:00:00');
INSERT INTO `likes_media` (`id`, `user_id`, `media_id`, `created_at`, `deleted_at`) VALUES ('34', '11', '98', '2002-02-10 14:48:07', '1986-07-18 07:50:18');
INSERT INTO `likes_media` (`id`, `user_id`, `media_id`, `created_at`, `deleted_at`) VALUES ('10', '13', '52', '1972-12-12 06:45:36', '0000-00-00 00:00:00');
INSERT INTO `likes_media` (`id`, `user_id`, `media_id`, `created_at`, `deleted_at`) VALUES ('23', '13', '54', '1982-12-08 17:28:34', '0000-00-00 00:00:00');
INSERT INTO `likes_media` (`id`, `user_id`, `media_id`, `created_at`, `deleted_at`) VALUES ('55', '15', '72', '2012-07-07 16:20:32', '1976-08-12 19:06:01');
INSERT INTO `likes_media` (`id`, `user_id`, `media_id`, `created_at`, `deleted_at`) VALUES ('50', '15', '86', '1987-09-16 10:27:39', '1973-06-25 13:59:48');
INSERT INTO `likes_media` (`id`, `user_id`, `media_id`, `created_at`, `deleted_at`) VALUES ('25', '16', '12', '1986-10-14 21:55:33', '0000-00-00 00:00:00');
INSERT INTO `likes_media` (`id`, `user_id`, `media_id`, `created_at`, `deleted_at`) VALUES ('13', '17', '44', '1996-07-28 18:26:11', '1985-09-18 21:50:34');
INSERT INTO `likes_media` (`id`, `user_id`, `media_id`, `created_at`, `deleted_at`) VALUES ('73', '17', '61', '2007-12-27 14:52:13', '0000-00-00 00:00:00');
INSERT INTO `likes_media` (`id`, `user_id`, `media_id`, `created_at`, `deleted_at`) VALUES ('76', '19', '23', '1985-08-07 11:10:45', '2018-06-27 15:19:10');
INSERT INTO `likes_media` (`id`, `user_id`, `media_id`, `created_at`, `deleted_at`) VALUES ('93', '23', '84', '2010-04-11 04:44:01', '0000-00-00 00:00:00');
INSERT INTO `likes_media` (`id`, `user_id`, `media_id`, `created_at`, `deleted_at`) VALUES ('17', '24', '93', '2013-03-19 23:35:38', '2004-05-12 19:45:06');
INSERT INTO `likes_media` (`id`, `user_id`, `media_id`, `created_at`, `deleted_at`) VALUES ('69', '25', '36', '1981-06-18 00:44:29', '1990-08-26 03:28:56');
INSERT INTO `likes_media` (`id`, `user_id`, `media_id`, `created_at`, `deleted_at`) VALUES ('2', '25', '43', '2010-04-13 10:12:04', '0000-00-00 00:00:00');
INSERT INTO `likes_media` (`id`, `user_id`, `media_id`, `created_at`, `deleted_at`) VALUES ('49', '26', '80', '1985-12-26 05:48:26', '0000-00-00 00:00:00');
INSERT INTO `likes_media` (`id`, `user_id`, `media_id`, `created_at`, `deleted_at`) VALUES ('39', '27', '88', '1984-02-18 16:56:31', '0000-00-00 00:00:00');
INSERT INTO `likes_media` (`id`, `user_id`, `media_id`, `created_at`, `deleted_at`) VALUES ('30', '28', '70', '1996-05-25 08:23:06', '0000-00-00 00:00:00');
INSERT INTO `likes_media` (`id`, `user_id`, `media_id`, `created_at`, `deleted_at`) VALUES ('47', '30', '8', '2001-01-14 10:06:32', '0000-00-00 00:00:00');
INSERT INTO `likes_media` (`id`, `user_id`, `media_id`, `created_at`, `deleted_at`) VALUES ('56', '30', '14', '2014-08-07 23:50:52', '2010-10-11 04:11:05');
INSERT INTO `likes_media` (`id`, `user_id`, `media_id`, `created_at`, `deleted_at`) VALUES ('77', '35', '29', '1984-08-05 06:03:36', '2014-12-01 08:59:36');
INSERT INTO `likes_media` (`id`, `user_id`, `media_id`, `created_at`, `deleted_at`) VALUES ('40', '35', '42', '1977-01-31 11:54:55', '0000-00-00 00:00:00');
INSERT INTO `likes_media` (`id`, `user_id`, `media_id`, `created_at`, `deleted_at`) VALUES ('46', '35', '67', '1986-10-29 13:10:12', '0000-00-00 00:00:00');
INSERT INTO `likes_media` (`id`, `user_id`, `media_id`, `created_at`, `deleted_at`) VALUES ('97', '35', '75', '1998-08-14 04:58:27', '1991-01-19 15:04:27');
INSERT INTO `likes_media` (`id`, `user_id`, `media_id`, `created_at`, `deleted_at`) VALUES ('26', '37', '69', '2001-04-13 14:24:27', '0000-00-00 00:00:00');
INSERT INTO `likes_media` (`id`, `user_id`, `media_id`, `created_at`, `deleted_at`) VALUES ('37', '37', '73', '2011-06-06 16:47:23', '0000-00-00 00:00:00');
INSERT INTO `likes_media` (`id`, `user_id`, `media_id`, `created_at`, `deleted_at`) VALUES ('54', '38', '88', '1998-04-29 20:09:06', '2005-07-11 23:31:42');
INSERT INTO `likes_media` (`id`, `user_id`, `media_id`, `created_at`, `deleted_at`) VALUES ('52', '40', '89', '2008-04-26 07:17:34', '1998-04-24 20:41:52');
INSERT INTO `likes_media` (`id`, `user_id`, `media_id`, `created_at`, `deleted_at`) VALUES ('7', '42', '49', '1988-12-11 14:56:38', '0000-00-00 00:00:00');
INSERT INTO `likes_media` (`id`, `user_id`, `media_id`, `created_at`, `deleted_at`) VALUES ('57', '43', '41', '1980-07-21 03:21:39', '1995-11-19 03:32:32');
INSERT INTO `likes_media` (`id`, `user_id`, `media_id`, `created_at`, `deleted_at`) VALUES ('18', '46', '8', '1991-12-08 03:05:21', '0000-00-00 00:00:00');
INSERT INTO `likes_media` (`id`, `user_id`, `media_id`, `created_at`, `deleted_at`) VALUES ('70', '47', '40', '2004-09-09 20:05:25', '2012-03-24 17:24:26');
INSERT INTO `likes_media` (`id`, `user_id`, `media_id`, `created_at`, `deleted_at`) VALUES ('63', '48', '80', '2010-06-01 16:39:38', '2002-02-15 19:46:20');
INSERT INTO `likes_media` (`id`, `user_id`, `media_id`, `created_at`, `deleted_at`) VALUES ('61', '49', '40', '1993-07-27 19:05:36', '0000-00-00 00:00:00');
INSERT INTO `likes_media` (`id`, `user_id`, `media_id`, `created_at`, `deleted_at`) VALUES ('99', '49', '47', '2002-12-18 03:15:33', '2008-11-03 08:31:36');
INSERT INTO `likes_media` (`id`, `user_id`, `media_id`, `created_at`, `deleted_at`) VALUES ('51', '52', '89', '1977-06-01 16:45:43', '0000-00-00 00:00:00');
INSERT INTO `likes_media` (`id`, `user_id`, `media_id`, `created_at`, `deleted_at`) VALUES ('72', '53', '51', '2016-11-19 14:28:23', '0000-00-00 00:00:00');
INSERT INTO `likes_media` (`id`, `user_id`, `media_id`, `created_at`, `deleted_at`) VALUES ('91', '53', '95', '2017-12-23 23:47:50', '0000-00-00 00:00:00');
INSERT INTO `likes_media` (`id`, `user_id`, `media_id`, `created_at`, `deleted_at`) VALUES ('80', '54', '67', '2000-11-27 21:08:16', '0000-00-00 00:00:00');
INSERT INTO `likes_media` (`id`, `user_id`, `media_id`, `created_at`, `deleted_at`) VALUES ('11', '54', '84', '1997-04-06 04:33:21', '2018-05-20 17:10:32');
INSERT INTO `likes_media` (`id`, `user_id`, `media_id`, `created_at`, `deleted_at`) VALUES ('8', '55', '65', '1972-06-13 16:50:45', '2007-06-24 03:19:20');
INSERT INTO `likes_media` (`id`, `user_id`, `media_id`, `created_at`, `deleted_at`) VALUES ('59', '58', '15', '1982-03-14 23:58:30', '2006-09-24 15:58:03');
INSERT INTO `likes_media` (`id`, `user_id`, `media_id`, `created_at`, `deleted_at`) VALUES ('65', '59', '10', '2009-03-25 22:58:09', '0000-00-00 00:00:00');
INSERT INTO `likes_media` (`id`, `user_id`, `media_id`, `created_at`, `deleted_at`) VALUES ('66', '59', '11', '1985-05-14 07:00:01', '2019-12-11 01:03:07');
INSERT INTO `likes_media` (`id`, `user_id`, `media_id`, `created_at`, `deleted_at`) VALUES ('35', '61', '73', '1970-11-14 15:26:00', '2019-05-14 17:12:47');
INSERT INTO `likes_media` (`id`, `user_id`, `media_id`, `created_at`, `deleted_at`) VALUES ('14', '62', '16', '1985-06-11 19:26:45', '1970-01-24 14:37:05');
INSERT INTO `likes_media` (`id`, `user_id`, `media_id`, `created_at`, `deleted_at`) VALUES ('53', '62', '28', '1992-11-20 12:59:23', '1994-08-26 17:12:44');
INSERT INTO `likes_media` (`id`, `user_id`, `media_id`, `created_at`, `deleted_at`) VALUES ('84', '62', '35', '2014-11-12 13:49:12', '2007-01-10 03:13:58');
INSERT INTO `likes_media` (`id`, `user_id`, `media_id`, `created_at`, `deleted_at`) VALUES ('20', '63', '77', '2006-12-03 12:00:48', '0000-00-00 00:00:00');
INSERT INTO `likes_media` (`id`, `user_id`, `media_id`, `created_at`, `deleted_at`) VALUES ('5', '66', '51', '1990-10-05 22:11:37', '0000-00-00 00:00:00');
INSERT INTO `likes_media` (`id`, `user_id`, `media_id`, `created_at`, `deleted_at`) VALUES ('88', '68', '2', '1975-06-01 15:24:37', '0000-00-00 00:00:00');
INSERT INTO `likes_media` (`id`, `user_id`, `media_id`, `created_at`, `deleted_at`) VALUES ('16', '68', '4', '2015-06-27 06:20:45', '0000-00-00 00:00:00');
INSERT INTO `likes_media` (`id`, `user_id`, `media_id`, `created_at`, `deleted_at`) VALUES ('48', '69', '17', '1973-09-01 00:34:26', '1973-09-12 22:11:25');
INSERT INTO `likes_media` (`id`, `user_id`, `media_id`, `created_at`, `deleted_at`) VALUES ('94', '69', '31', '2008-06-23 11:57:44', '1993-09-25 07:21:04');
INSERT INTO `likes_media` (`id`, `user_id`, `media_id`, `created_at`, `deleted_at`) VALUES ('29', '70', '69', '2006-02-17 16:34:15', '2000-06-11 14:01:53');
INSERT INTO `likes_media` (`id`, `user_id`, `media_id`, `created_at`, `deleted_at`) VALUES ('32', '73', '3', '1986-12-25 08:01:06', '0000-00-00 00:00:00');
INSERT INTO `likes_media` (`id`, `user_id`, `media_id`, `created_at`, `deleted_at`) VALUES ('9', '73', '63', '1998-10-14 08:44:49', '0000-00-00 00:00:00');
INSERT INTO `likes_media` (`id`, `user_id`, `media_id`, `created_at`, `deleted_at`) VALUES ('86', '74', '18', '2019-10-26 04:55:14', '1999-02-25 01:30:37');
INSERT INTO `likes_media` (`id`, `user_id`, `media_id`, `created_at`, `deleted_at`) VALUES ('36', '75', '54', '1996-03-17 15:43:00', '1997-05-30 05:31:03');
INSERT INTO `likes_media` (`id`, `user_id`, `media_id`, `created_at`, `deleted_at`) VALUES ('75', '75', '95', '1977-10-31 11:10:39', '0000-00-00 00:00:00');
INSERT INTO `likes_media` (`id`, `user_id`, `media_id`, `created_at`, `deleted_at`) VALUES ('90', '76', '61', '2011-04-23 22:06:23', '0000-00-00 00:00:00');
INSERT INTO `likes_media` (`id`, `user_id`, `media_id`, `created_at`, `deleted_at`) VALUES ('82', '77', '3', '1992-10-11 22:26:33', '0000-00-00 00:00:00');
INSERT INTO `likes_media` (`id`, `user_id`, `media_id`, `created_at`, `deleted_at`) VALUES ('100', '78', '59', '1987-07-16 10:52:43', '0000-00-00 00:00:00');
INSERT INTO `likes_media` (`id`, `user_id`, `media_id`, `created_at`, `deleted_at`) VALUES ('95', '79', '23', '2018-11-23 04:19:20', '0000-00-00 00:00:00');
INSERT INTO `likes_media` (`id`, `user_id`, `media_id`, `created_at`, `deleted_at`) VALUES ('31', '80', '96', '1971-02-25 09:09:53', '1975-02-04 06:57:16');
INSERT INTO `likes_media` (`id`, `user_id`, `media_id`, `created_at`, `deleted_at`) VALUES ('92', '83', '87', '2013-07-15 07:30:58', '0000-00-00 00:00:00');
INSERT INTO `likes_media` (`id`, `user_id`, `media_id`, `created_at`, `deleted_at`) VALUES ('3', '84', '19', '1982-09-05 11:30:41', '0000-00-00 00:00:00');
INSERT INTO `likes_media` (`id`, `user_id`, `media_id`, `created_at`, `deleted_at`) VALUES ('87', '85', '26', '2019-04-18 22:53:07', '0000-00-00 00:00:00');
INSERT INTO `likes_media` (`id`, `user_id`, `media_id`, `created_at`, `deleted_at`) VALUES ('98', '85', '44', '2017-04-30 01:15:10', '1990-07-18 07:47:32');
INSERT INTO `likes_media` (`id`, `user_id`, `media_id`, `created_at`, `deleted_at`) VALUES ('89', '86', '58', '1999-02-24 00:50:57', '2008-09-07 20:31:17');
INSERT INTO `likes_media` (`id`, `user_id`, `media_id`, `created_at`, `deleted_at`) VALUES ('45', '87', '35', '1983-12-27 20:46:10', '0000-00-00 00:00:00');
INSERT INTO `likes_media` (`id`, `user_id`, `media_id`, `created_at`, `deleted_at`) VALUES ('33', '88', '18', '2001-07-31 02:48:40', '0000-00-00 00:00:00');
INSERT INTO `likes_media` (`id`, `user_id`, `media_id`, `created_at`, `deleted_at`) VALUES ('38', '88', '50', '2014-04-14 18:51:47', '0000-00-00 00:00:00');
INSERT INTO `likes_media` (`id`, `user_id`, `media_id`, `created_at`, `deleted_at`) VALUES ('12', '90', '39', '1979-04-26 10:11:54', '1973-02-11 08:56:02');
INSERT INTO `likes_media` (`id`, `user_id`, `media_id`, `created_at`, `deleted_at`) VALUES ('74', '90', '75', '1998-12-29 22:16:08', '1972-12-04 01:05:05');
INSERT INTO `likes_media` (`id`, `user_id`, `media_id`, `created_at`, `deleted_at`) VALUES ('21', '93', '65', '1991-02-16 02:03:31', '1987-01-20 17:28:54');
INSERT INTO `likes_media` (`id`, `user_id`, `media_id`, `created_at`, `deleted_at`) VALUES ('64', '95', '73', '1983-09-01 05:46:09', '0000-00-00 00:00:00');
INSERT INTO `likes_media` (`id`, `user_id`, `media_id`, `created_at`, `deleted_at`) VALUES ('27', '96', '26', '2009-06-21 07:23:25', '0000-00-00 00:00:00');
INSERT INTO `likes_media` (`id`, `user_id`, `media_id`, `created_at`, `deleted_at`) VALUES ('43', '97', '18', '2018-10-16 21:13:44', '1981-09-11 15:16:51');
INSERT INTO `likes_media` (`id`, `user_id`, `media_id`, `created_at`, `deleted_at`) VALUES ('4', '98', '55', '2010-08-03 07:21:32', '1993-07-25 03:37:38');
INSERT INTO `likes_media` (`id`, `user_id`, `media_id`, `created_at`, `deleted_at`) VALUES ('96', '98', '83', '1970-05-24 02:29:22', '0000-00-00 00:00:00');
INSERT INTO `likes_media` (`id`, `user_id`, `media_id`, `created_at`, `deleted_at`) VALUES ('67', '98', '98', '2003-10-17 00:52:49', '1993-12-24 22:31:44');
INSERT INTO `likes_media` (`id`, `user_id`, `media_id`, `created_at`, `deleted_at`) VALUES ('22', '99', '35', '1974-04-21 22:44:19', '2003-01-25 12:22:26');
INSERT INTO `likes_media` (`id`, `user_id`, `media_id`, `created_at`, `deleted_at`) VALUES ('68', '99', '60', '1996-06-30 11:00:45', '0000-00-00 00:00:00');
INSERT INTO `likes_media` (`id`, `user_id`, `media_id`, `created_at`, `deleted_at`) VALUES ('41', '99', '71', '2006-02-18 10:00:14', '0000-00-00 00:00:00');
INSERT INTO `likes_media` (`id`, `user_id`, `media_id`, `created_at`, `deleted_at`) VALUES ('15', '100', '11', '2004-06-19 23:08:54', '0000-00-00 00:00:00');
INSERT INTO `likes_media` (`id`, `user_id`, `media_id`, `created_at`, `deleted_at`) VALUES ('24', '100', '86', '2003-07-22 23:36:39', '0000-00-00 00:00:00');


#
# TABLE STRUCTURE FOR: likes_users
#

DROP TABLE IF EXISTS `likes_users`;

CREATE TABLE `likes_users` (
  `id` bigint(20) unsigned NOT NULL AUTO_INCREMENT,
  `from_user_id` bigint(20) unsigned NOT NULL,
  `to_user_id` bigint(20) unsigned NOT NULL,
  `created_at` datetime DEFAULT current_timestamp(),
  `deleted_at` datetime DEFAULT current_timestamp() ON UPDATE current_timestamp(),
  PRIMARY KEY (`from_user_id`,`to_user_id`),
  UNIQUE KEY `id` (`id`),
  KEY `to_user_id` (`to_user_id`),
  CONSTRAINT `likes_users_ibfk_1` FOREIGN KEY (`from_user_id`) REFERENCES `users` (`id`),
  CONSTRAINT `likes_users_ibfk_2` FOREIGN KEY (`to_user_id`) REFERENCES `users` (`id`)
) ENGINE=InnoDB AUTO_INCREMENT=101 DEFAULT CHARSET=latin1;

INSERT INTO `likes_users` (`id`, `from_user_id`, `to_user_id`, `created_at`, `deleted_at`) VALUES ('11', '1', '69', '1979-06-24 08:51:37', '0000-00-00 00:00:00');
INSERT INTO `likes_users` (`id`, `from_user_id`, `to_user_id`, `created_at`, `deleted_at`) VALUES ('70', '1', '89', '1972-07-24 03:31:48', '1981-12-22 11:22:46');
INSERT INTO `likes_users` (`id`, `from_user_id`, `to_user_id`, `created_at`, `deleted_at`) VALUES ('8', '2', '14', '1988-09-10 10:27:03', '0000-00-00 00:00:00');
INSERT INTO `likes_users` (`id`, `from_user_id`, `to_user_id`, `created_at`, `deleted_at`) VALUES ('63', '6', '45', '1987-08-15 18:02:03', '2004-03-02 19:15:46');
INSERT INTO `likes_users` (`id`, `from_user_id`, `to_user_id`, `created_at`, `deleted_at`) VALUES ('94', '6', '89', '1975-10-27 14:07:43', '0000-00-00 00:00:00');
INSERT INTO `likes_users` (`id`, `from_user_id`, `to_user_id`, `created_at`, `deleted_at`) VALUES ('2', '7', '14', '1983-03-13 01:16:37', '0000-00-00 00:00:00');
INSERT INTO `likes_users` (`id`, `from_user_id`, `to_user_id`, `created_at`, `deleted_at`) VALUES ('85', '8', '16', '1972-02-20 17:21:41', '1974-04-26 09:20:41');
INSERT INTO `likes_users` (`id`, `from_user_id`, `to_user_id`, `created_at`, `deleted_at`) VALUES ('100', '9', '47', '2016-08-29 16:44:44', '0000-00-00 00:00:00');
INSERT INTO `likes_users` (`id`, `from_user_id`, `to_user_id`, `created_at`, `deleted_at`) VALUES ('51', '10', '4', '1972-02-07 11:57:51', '1984-06-23 00:05:56');
INSERT INTO `likes_users` (`id`, `from_user_id`, `to_user_id`, `created_at`, `deleted_at`) VALUES ('64', '12', '99', '2013-04-12 01:01:57', '2007-07-21 09:44:17');
INSERT INTO `likes_users` (`id`, `from_user_id`, `to_user_id`, `created_at`, `deleted_at`) VALUES ('48', '13', '51', '1999-09-14 17:31:01', '0000-00-00 00:00:00');
INSERT INTO `likes_users` (`id`, `from_user_id`, `to_user_id`, `created_at`, `deleted_at`) VALUES ('87', '14', '10', '1994-04-14 04:16:39', '0000-00-00 00:00:00');
INSERT INTO `likes_users` (`id`, `from_user_id`, `to_user_id`, `created_at`, `deleted_at`) VALUES ('4', '14', '18', '2006-02-05 10:10:28', '0000-00-00 00:00:00');
INSERT INTO `likes_users` (`id`, `from_user_id`, `to_user_id`, `created_at`, `deleted_at`) VALUES ('6', '15', '60', '1992-11-19 13:20:20', '1990-08-10 10:09:27');
INSERT INTO `likes_users` (`id`, `from_user_id`, `to_user_id`, `created_at`, `deleted_at`) VALUES ('84', '16', '58', '1972-04-01 15:40:23', '0000-00-00 00:00:00');
INSERT INTO `likes_users` (`id`, `from_user_id`, `to_user_id`, `created_at`, `deleted_at`) VALUES ('21', '16', '66', '2019-12-23 03:22:18', '0000-00-00 00:00:00');
INSERT INTO `likes_users` (`id`, `from_user_id`, `to_user_id`, `created_at`, `deleted_at`) VALUES ('90', '16', '78', '1980-04-19 02:00:17', '1972-05-17 02:17:36');
INSERT INTO `likes_users` (`id`, `from_user_id`, `to_user_id`, `created_at`, `deleted_at`) VALUES ('41', '16', '80', '2015-03-10 09:24:13', '2011-07-06 00:57:24');
INSERT INTO `likes_users` (`id`, `from_user_id`, `to_user_id`, `created_at`, `deleted_at`) VALUES ('97', '21', '35', '2000-05-17 10:12:22', '1971-12-06 15:20:54');
INSERT INTO `likes_users` (`id`, `from_user_id`, `to_user_id`, `created_at`, `deleted_at`) VALUES ('76', '22', '81', '1998-11-04 02:21:29', '1980-07-04 11:19:11');
INSERT INTO `likes_users` (`id`, `from_user_id`, `to_user_id`, `created_at`, `deleted_at`) VALUES ('47', '22', '86', '2013-06-16 09:26:06', '0000-00-00 00:00:00');
INSERT INTO `likes_users` (`id`, `from_user_id`, `to_user_id`, `created_at`, `deleted_at`) VALUES ('14', '23', '8', '1979-01-31 15:53:44', '2004-11-05 02:26:35');
INSERT INTO `likes_users` (`id`, `from_user_id`, `to_user_id`, `created_at`, `deleted_at`) VALUES ('34', '23', '9', '2000-08-26 18:36:51', '0000-00-00 00:00:00');
INSERT INTO `likes_users` (`id`, `from_user_id`, `to_user_id`, `created_at`, `deleted_at`) VALUES ('59', '23', '15', '2010-04-19 01:44:35', '0000-00-00 00:00:00');
INSERT INTO `likes_users` (`id`, `from_user_id`, `to_user_id`, `created_at`, `deleted_at`) VALUES ('81', '23', '50', '2011-06-13 20:24:50', '1997-11-03 17:24:53');
INSERT INTO `likes_users` (`id`, `from_user_id`, `to_user_id`, `created_at`, `deleted_at`) VALUES ('16', '26', '58', '2007-03-14 11:26:17', '0000-00-00 00:00:00');
INSERT INTO `likes_users` (`id`, `from_user_id`, `to_user_id`, `created_at`, `deleted_at`) VALUES ('1', '26', '75', '1983-10-04 09:06:43', '0000-00-00 00:00:00');
INSERT INTO `likes_users` (`id`, `from_user_id`, `to_user_id`, `created_at`, `deleted_at`) VALUES ('43', '27', '30', '2000-10-07 14:52:52', '1975-02-08 02:27:03');
INSERT INTO `likes_users` (`id`, `from_user_id`, `to_user_id`, `created_at`, `deleted_at`) VALUES ('69', '29', '3', '1997-08-28 14:56:29', '2005-10-03 07:25:11');
INSERT INTO `likes_users` (`id`, `from_user_id`, `to_user_id`, `created_at`, `deleted_at`) VALUES ('33', '29', '8', '2003-09-04 10:41:22', '0000-00-00 00:00:00');
INSERT INTO `likes_users` (`id`, `from_user_id`, `to_user_id`, `created_at`, `deleted_at`) VALUES ('40', '29', '16', '2005-05-02 00:16:27', '2000-08-31 09:20:36');
INSERT INTO `likes_users` (`id`, `from_user_id`, `to_user_id`, `created_at`, `deleted_at`) VALUES ('83', '30', '5', '1977-12-12 15:31:46', '1970-11-22 03:25:49');
INSERT INTO `likes_users` (`id`, `from_user_id`, `to_user_id`, `created_at`, `deleted_at`) VALUES ('7', '30', '14', '2002-08-30 21:39:42', '0000-00-00 00:00:00');
INSERT INTO `likes_users` (`id`, `from_user_id`, `to_user_id`, `created_at`, `deleted_at`) VALUES ('62', '33', '61', '1995-12-19 21:28:41', '0000-00-00 00:00:00');
INSERT INTO `likes_users` (`id`, `from_user_id`, `to_user_id`, `created_at`, `deleted_at`) VALUES ('15', '33', '80', '1999-12-25 02:50:02', '1986-02-09 17:38:36');
INSERT INTO `likes_users` (`id`, `from_user_id`, `to_user_id`, `created_at`, `deleted_at`) VALUES ('9', '33', '82', '2013-12-21 10:08:51', '0000-00-00 00:00:00');
INSERT INTO `likes_users` (`id`, `from_user_id`, `to_user_id`, `created_at`, `deleted_at`) VALUES ('28', '36', '65', '1974-07-05 10:58:26', '0000-00-00 00:00:00');
INSERT INTO `likes_users` (`id`, `from_user_id`, `to_user_id`, `created_at`, `deleted_at`) VALUES ('32', '36', '90', '1970-09-08 11:03:45', '1978-06-16 04:09:01');
INSERT INTO `likes_users` (`id`, `from_user_id`, `to_user_id`, `created_at`, `deleted_at`) VALUES ('89', '37', '41', '2020-01-11 07:39:58', '2013-04-07 16:35:51');
INSERT INTO `likes_users` (`id`, `from_user_id`, `to_user_id`, `created_at`, `deleted_at`) VALUES ('31', '37', '98', '2010-10-14 19:48:41', '2011-12-17 13:44:35');
INSERT INTO `likes_users` (`id`, `from_user_id`, `to_user_id`, `created_at`, `deleted_at`) VALUES ('39', '38', '12', '2003-07-03 19:50:34', '2005-09-09 03:40:00');
INSERT INTO `likes_users` (`id`, `from_user_id`, `to_user_id`, `created_at`, `deleted_at`) VALUES ('68', '38', '19', '2011-08-27 07:03:12', '0000-00-00 00:00:00');
INSERT INTO `likes_users` (`id`, `from_user_id`, `to_user_id`, `created_at`, `deleted_at`) VALUES ('61', '40', '21', '2008-09-10 09:34:52', '0000-00-00 00:00:00');
INSERT INTO `likes_users` (`id`, `from_user_id`, `to_user_id`, `created_at`, `deleted_at`) VALUES ('37', '40', '41', '1989-08-18 08:55:17', '2000-04-16 20:42:32');
INSERT INTO `likes_users` (`id`, `from_user_id`, `to_user_id`, `created_at`, `deleted_at`) VALUES ('99', '40', '87', '2013-10-28 08:37:11', '0000-00-00 00:00:00');
INSERT INTO `likes_users` (`id`, `from_user_id`, `to_user_id`, `created_at`, `deleted_at`) VALUES ('75', '42', '40', '1971-07-15 05:03:51', '2018-09-06 23:53:47');
INSERT INTO `likes_users` (`id`, `from_user_id`, `to_user_id`, `created_at`, `deleted_at`) VALUES ('78', '42', '67', '1999-06-03 00:47:13', '2017-11-29 15:36:07');
INSERT INTO `likes_users` (`id`, `from_user_id`, `to_user_id`, `created_at`, `deleted_at`) VALUES ('36', '45', '9', '1978-04-08 12:33:20', '1989-01-07 22:37:53');
INSERT INTO `likes_users` (`id`, `from_user_id`, `to_user_id`, `created_at`, `deleted_at`) VALUES ('53', '45', '49', '1981-07-20 22:03:00', '0000-00-00 00:00:00');
INSERT INTO `likes_users` (`id`, `from_user_id`, `to_user_id`, `created_at`, `deleted_at`) VALUES ('86', '46', '4', '1972-07-06 01:15:11', '0000-00-00 00:00:00');
INSERT INTO `likes_users` (`id`, `from_user_id`, `to_user_id`, `created_at`, `deleted_at`) VALUES ('10', '46', '41', '2011-11-03 17:01:49', '2014-03-20 08:05:24');
INSERT INTO `likes_users` (`id`, `from_user_id`, `to_user_id`, `created_at`, `deleted_at`) VALUES ('29', '46', '58', '1982-11-04 22:52:40', '1979-08-10 00:22:39');
INSERT INTO `likes_users` (`id`, `from_user_id`, `to_user_id`, `created_at`, `deleted_at`) VALUES ('46', '50', '24', '1994-02-10 02:17:13', '2016-08-16 09:18:30');
INSERT INTO `likes_users` (`id`, `from_user_id`, `to_user_id`, `created_at`, `deleted_at`) VALUES ('20', '52', '37', '1993-11-07 17:54:31', '2012-04-08 03:13:07');
INSERT INTO `likes_users` (`id`, `from_user_id`, `to_user_id`, `created_at`, `deleted_at`) VALUES ('95', '52', '71', '1996-09-09 20:18:39', '1991-10-29 18:05:58');
INSERT INTO `likes_users` (`id`, `from_user_id`, `to_user_id`, `created_at`, `deleted_at`) VALUES ('44', '52', '72', '2009-09-19 11:12:58', '2000-10-24 14:48:16');
INSERT INTO `likes_users` (`id`, `from_user_id`, `to_user_id`, `created_at`, `deleted_at`) VALUES ('26', '52', '80', '1989-08-28 09:31:39', '0000-00-00 00:00:00');
INSERT INTO `likes_users` (`id`, `from_user_id`, `to_user_id`, `created_at`, `deleted_at`) VALUES ('38', '54', '18', '2000-11-21 18:21:26', '1978-01-23 00:25:37');
INSERT INTO `likes_users` (`id`, `from_user_id`, `to_user_id`, `created_at`, `deleted_at`) VALUES ('17', '54', '32', '2007-04-29 10:58:22', '2006-08-07 22:55:23');
INSERT INTO `likes_users` (`id`, `from_user_id`, `to_user_id`, `created_at`, `deleted_at`) VALUES ('5', '57', '31', '1992-03-25 14:15:25', '1987-02-21 05:12:54');
INSERT INTO `likes_users` (`id`, `from_user_id`, `to_user_id`, `created_at`, `deleted_at`) VALUES ('92', '58', '40', '2019-08-22 16:24:22', '2016-12-08 06:30:25');
INSERT INTO `likes_users` (`id`, `from_user_id`, `to_user_id`, `created_at`, `deleted_at`) VALUES ('24', '59', '11', '1975-03-07 15:34:45', '0000-00-00 00:00:00');
INSERT INTO `likes_users` (`id`, `from_user_id`, `to_user_id`, `created_at`, `deleted_at`) VALUES ('50', '60', '86', '2008-11-14 12:53:30', '1999-06-22 12:46:23');
INSERT INTO `likes_users` (`id`, `from_user_id`, `to_user_id`, `created_at`, `deleted_at`) VALUES ('77', '61', '54', '1978-12-10 05:11:06', '2017-12-13 18:34:02');
INSERT INTO `likes_users` (`id`, `from_user_id`, `to_user_id`, `created_at`, `deleted_at`) VALUES ('55', '61', '94', '2001-11-27 01:41:29', '0000-00-00 00:00:00');
INSERT INTO `likes_users` (`id`, `from_user_id`, `to_user_id`, `created_at`, `deleted_at`) VALUES ('58', '63', '100', '2005-11-09 21:50:16', '0000-00-00 00:00:00');
INSERT INTO `likes_users` (`id`, `from_user_id`, `to_user_id`, `created_at`, `deleted_at`) VALUES ('72', '64', '69', '1987-09-04 17:33:01', '0000-00-00 00:00:00');
INSERT INTO `likes_users` (`id`, `from_user_id`, `to_user_id`, `created_at`, `deleted_at`) VALUES ('80', '66', '79', '1977-10-26 14:15:16', '0000-00-00 00:00:00');
INSERT INTO `likes_users` (`id`, `from_user_id`, `to_user_id`, `created_at`, `deleted_at`) VALUES ('54', '66', '82', '2002-09-15 10:48:52', '2010-06-12 05:23:15');
INSERT INTO `likes_users` (`id`, `from_user_id`, `to_user_id`, `created_at`, `deleted_at`) VALUES ('96', '68', '75', '2019-11-25 12:17:44', '0000-00-00 00:00:00');
INSERT INTO `likes_users` (`id`, `from_user_id`, `to_user_id`, `created_at`, `deleted_at`) VALUES ('82', '68', '98', '1974-06-12 12:35:04', '0000-00-00 00:00:00');
INSERT INTO `likes_users` (`id`, `from_user_id`, `to_user_id`, `created_at`, `deleted_at`) VALUES ('74', '69', '13', '2014-03-06 05:37:12', '0000-00-00 00:00:00');
INSERT INTO `likes_users` (`id`, `from_user_id`, `to_user_id`, `created_at`, `deleted_at`) VALUES ('88', '72', '4', '2015-07-10 09:13:37', '2019-04-18 02:43:49');
INSERT INTO `likes_users` (`id`, `from_user_id`, `to_user_id`, `created_at`, `deleted_at`) VALUES ('60', '72', '10', '1996-04-13 03:39:39', '2013-02-25 21:43:50');
INSERT INTO `likes_users` (`id`, `from_user_id`, `to_user_id`, `created_at`, `deleted_at`) VALUES ('18', '72', '34', '1980-11-26 00:39:32', '0000-00-00 00:00:00');
INSERT INTO `likes_users` (`id`, `from_user_id`, `to_user_id`, `created_at`, `deleted_at`) VALUES ('98', '72', '51', '1979-09-19 02:35:21', '1983-02-04 05:25:03');
INSERT INTO `likes_users` (`id`, `from_user_id`, `to_user_id`, `created_at`, `deleted_at`) VALUES ('27', '73', '48', '2010-01-01 17:12:55', '2006-09-11 08:09:23');
INSERT INTO `likes_users` (`id`, `from_user_id`, `to_user_id`, `created_at`, `deleted_at`) VALUES ('30', '73', '78', '2007-01-20 23:41:53', '0000-00-00 00:00:00');
INSERT INTO `likes_users` (`id`, `from_user_id`, `to_user_id`, `created_at`, `deleted_at`) VALUES ('57', '73', '93', '1988-01-29 06:17:33', '0000-00-00 00:00:00');
INSERT INTO `likes_users` (`id`, `from_user_id`, `to_user_id`, `created_at`, `deleted_at`) VALUES ('67', '75', '80', '1997-03-10 01:30:45', '1973-02-18 09:51:52');
INSERT INTO `likes_users` (`id`, `from_user_id`, `to_user_id`, `created_at`, `deleted_at`) VALUES ('25', '79', '4', '1999-03-08 14:30:25', '2006-04-10 10:39:46');
INSERT INTO `likes_users` (`id`, `from_user_id`, `to_user_id`, `created_at`, `deleted_at`) VALUES ('23', '79', '97', '2019-11-11 22:52:55', '0000-00-00 00:00:00');
INSERT INTO `likes_users` (`id`, `from_user_id`, `to_user_id`, `created_at`, `deleted_at`) VALUES ('91', '80', '37', '2010-08-31 09:20:04', '0000-00-00 00:00:00');
INSERT INTO `likes_users` (`id`, `from_user_id`, `to_user_id`, `created_at`, `deleted_at`) VALUES ('19', '80', '86', '2009-08-09 04:48:48', '0000-00-00 00:00:00');
INSERT INTO `likes_users` (`id`, `from_user_id`, `to_user_id`, `created_at`, `deleted_at`) VALUES ('3', '81', '49', '2009-03-18 09:12:43', '0000-00-00 00:00:00');
INSERT INTO `likes_users` (`id`, `from_user_id`, `to_user_id`, `created_at`, `deleted_at`) VALUES ('65', '81', '71', '1993-05-25 02:56:43', '0000-00-00 00:00:00');
INSERT INTO `likes_users` (`id`, `from_user_id`, `to_user_id`, `created_at`, `deleted_at`) VALUES ('66', '85', '90', '1970-01-12 12:18:51', '0000-00-00 00:00:00');
INSERT INTO `likes_users` (`id`, `from_user_id`, `to_user_id`, `created_at`, `deleted_at`) VALUES ('45', '88', '25', '1976-07-13 01:48:05', '1984-07-03 20:10:07');
INSERT INTO `likes_users` (`id`, `from_user_id`, `to_user_id`, `created_at`, `deleted_at`) VALUES ('73', '90', '27', '1974-12-18 22:30:26', '0000-00-00 00:00:00');
INSERT INTO `likes_users` (`id`, `from_user_id`, `to_user_id`, `created_at`, `deleted_at`) VALUES ('93', '91', '99', '1997-03-31 09:40:13', '0000-00-00 00:00:00');
INSERT INTO `likes_users` (`id`, `from_user_id`, `to_user_id`, `created_at`, `deleted_at`) VALUES ('49', '93', '36', '1980-03-04 08:54:15', '0000-00-00 00:00:00');
INSERT INTO `likes_users` (`id`, `from_user_id`, `to_user_id`, `created_at`, `deleted_at`) VALUES ('13', '93', '98', '2006-01-18 17:23:30', '2001-03-15 02:27:57');
INSERT INTO `likes_users` (`id`, `from_user_id`, `to_user_id`, `created_at`, `deleted_at`) VALUES ('35', '94', '74', '1978-05-15 01:58:41', '1995-09-06 15:36:43');
INSERT INTO `likes_users` (`id`, `from_user_id`, `to_user_id`, `created_at`, `deleted_at`) VALUES ('52', '95', '49', '1985-08-05 01:49:31', '1988-11-04 17:28:20');
INSERT INTO `likes_users` (`id`, `from_user_id`, `to_user_id`, `created_at`, `deleted_at`) VALUES ('42', '95', '88', '1970-08-11 06:43:41', '1995-10-03 19:21:44');
INSERT INTO `likes_users` (`id`, `from_user_id`, `to_user_id`, `created_at`, `deleted_at`) VALUES ('22', '96', '45', '1978-03-24 18:20:23', '1993-07-10 00:40:11');
INSERT INTO `likes_users` (`id`, `from_user_id`, `to_user_id`, `created_at`, `deleted_at`) VALUES ('12', '96', '56', '2010-05-08 06:53:30', '1990-08-26 10:38:33');
INSERT INTO `likes_users` (`id`, `from_user_id`, `to_user_id`, `created_at`, `deleted_at`) VALUES ('71', '96', '98', '2013-05-02 06:12:55', '1996-08-14 06:06:53');
INSERT INTO `likes_users` (`id`, `from_user_id`, `to_user_id`, `created_at`, `deleted_at`) VALUES ('56', '98', '76', '2008-05-09 12:07:57', '2019-10-05 01:12:01');
INSERT INTO `likes_users` (`id`, `from_user_id`, `to_user_id`, `created_at`, `deleted_at`) VALUES ('79', '99', '53', '1982-09-15 12:46:26', '0000-00-00 00:00:00');


#
# TABLE STRUCTURE FOR: likes_users_posts
#

DROP TABLE IF EXISTS `likes_users_posts`;

CREATE TABLE `likes_users_posts` (
  `id` bigint(20) unsigned NOT NULL AUTO_INCREMENT,
  `user_id` bigint(20) unsigned NOT NULL,
  `users_posts_id` bigint(20) unsigned NOT NULL,
  `created_at` datetime DEFAULT current_timestamp(),
  `deleted_at` datetime DEFAULT current_timestamp() ON UPDATE current_timestamp(),
  PRIMARY KEY (`user_id`,`users_posts_id`),
  UNIQUE KEY `id` (`id`),
  KEY `users_posts_id` (`users_posts_id`),
  CONSTRAINT `likes_users_posts_ibfk_1` FOREIGN KEY (`user_id`) REFERENCES `users` (`id`),
  CONSTRAINT `likes_users_posts_ibfk_2` FOREIGN KEY (`users_posts_id`) REFERENCES `users_posts` (`id`)
) ENGINE=InnoDB AUTO_INCREMENT=101 DEFAULT CHARSET=latin1;

INSERT INTO `likes_users_posts` (`id`, `user_id`, `users_posts_id`, `created_at`, `deleted_at`) VALUES ('93', '6', '54', '1979-06-19 08:50:59', '0000-00-00 00:00:00');
INSERT INTO `likes_users_posts` (`id`, `user_id`, `users_posts_id`, `created_at`, `deleted_at`) VALUES ('15', '6', '59', '2011-02-01 10:44:48', '2000-05-05 13:07:29');
INSERT INTO `likes_users_posts` (`id`, `user_id`, `users_posts_id`, `created_at`, `deleted_at`) VALUES ('73', '7', '23', '1984-11-24 04:48:35', '1996-07-01 19:34:26');
INSERT INTO `likes_users_posts` (`id`, `user_id`, `users_posts_id`, `created_at`, `deleted_at`) VALUES ('57', '8', '37', '2014-02-05 06:17:22', '0000-00-00 00:00:00');
INSERT INTO `likes_users_posts` (`id`, `user_id`, `users_posts_id`, `created_at`, `deleted_at`) VALUES ('54', '8', '98', '1983-06-15 12:58:07', '0000-00-00 00:00:00');
INSERT INTO `likes_users_posts` (`id`, `user_id`, `users_posts_id`, `created_at`, `deleted_at`) VALUES ('24', '8', '100', '1988-03-07 08:32:53', '0000-00-00 00:00:00');
INSERT INTO `likes_users_posts` (`id`, `user_id`, `users_posts_id`, `created_at`, `deleted_at`) VALUES ('11', '10', '36', '2000-09-20 02:40:57', '1975-09-16 18:25:15');
INSERT INTO `likes_users_posts` (`id`, `user_id`, `users_posts_id`, `created_at`, `deleted_at`) VALUES ('18', '11', '30', '2016-09-28 01:45:59', '2000-12-08 01:25:05');
INSERT INTO `likes_users_posts` (`id`, `user_id`, `users_posts_id`, `created_at`, `deleted_at`) VALUES ('19', '11', '64', '1984-03-21 19:26:50', '0000-00-00 00:00:00');
INSERT INTO `likes_users_posts` (`id`, `user_id`, `users_posts_id`, `created_at`, `deleted_at`) VALUES ('67', '11', '68', '2003-02-04 00:36:25', '2005-06-21 08:42:17');
INSERT INTO `likes_users_posts` (`id`, `user_id`, `users_posts_id`, `created_at`, `deleted_at`) VALUES ('71', '11', '70', '2017-11-20 03:19:37', '0000-00-00 00:00:00');
INSERT INTO `likes_users_posts` (`id`, `user_id`, `users_posts_id`, `created_at`, `deleted_at`) VALUES ('68', '14', '93', '2017-01-24 12:41:05', '2007-07-27 13:21:10');
INSERT INTO `likes_users_posts` (`id`, `user_id`, `users_posts_id`, `created_at`, `deleted_at`) VALUES ('9', '16', '88', '1971-02-15 11:53:23', '1998-09-28 02:41:54');
INSERT INTO `likes_users_posts` (`id`, `user_id`, `users_posts_id`, `created_at`, `deleted_at`) VALUES ('39', '16', '92', '2004-08-10 10:27:31', '1990-02-02 19:47:55');
INSERT INTO `likes_users_posts` (`id`, `user_id`, `users_posts_id`, `created_at`, `deleted_at`) VALUES ('77', '18', '81', '2011-02-27 23:17:47', '1994-11-09 14:48:41');
INSERT INTO `likes_users_posts` (`id`, `user_id`, `users_posts_id`, `created_at`, `deleted_at`) VALUES ('43', '22', '98', '1977-06-10 04:37:47', '0000-00-00 00:00:00');
INSERT INTO `likes_users_posts` (`id`, `user_id`, `users_posts_id`, `created_at`, `deleted_at`) VALUES ('27', '23', '3', '2018-07-20 17:11:14', '1981-12-03 04:52:25');
INSERT INTO `likes_users_posts` (`id`, `user_id`, `users_posts_id`, `created_at`, `deleted_at`) VALUES ('78', '23', '44', '1983-01-21 08:17:05', '0000-00-00 00:00:00');
INSERT INTO `likes_users_posts` (`id`, `user_id`, `users_posts_id`, `created_at`, `deleted_at`) VALUES ('69', '24', '22', '2007-06-30 03:24:13', '1973-08-07 16:04:18');
INSERT INTO `likes_users_posts` (`id`, `user_id`, `users_posts_id`, `created_at`, `deleted_at`) VALUES ('87', '24', '23', '1989-03-16 12:27:40', '0000-00-00 00:00:00');
INSERT INTO `likes_users_posts` (`id`, `user_id`, `users_posts_id`, `created_at`, `deleted_at`) VALUES ('58', '27', '30', '1996-11-17 01:21:10', '1981-05-26 18:43:30');
INSERT INTO `likes_users_posts` (`id`, `user_id`, `users_posts_id`, `created_at`, `deleted_at`) VALUES ('86', '27', '41', '2019-06-20 20:21:25', '0000-00-00 00:00:00');
INSERT INTO `likes_users_posts` (`id`, `user_id`, `users_posts_id`, `created_at`, `deleted_at`) VALUES ('63', '27', '68', '2014-05-03 14:08:03', '1989-12-24 19:10:39');
INSERT INTO `likes_users_posts` (`id`, `user_id`, `users_posts_id`, `created_at`, `deleted_at`) VALUES ('62', '28', '65', '1993-08-10 13:02:30', '0000-00-00 00:00:00');
INSERT INTO `likes_users_posts` (`id`, `user_id`, `users_posts_id`, `created_at`, `deleted_at`) VALUES ('61', '29', '34', '1976-05-09 14:15:21', '1998-08-17 07:41:21');
INSERT INTO `likes_users_posts` (`id`, `user_id`, `users_posts_id`, `created_at`, `deleted_at`) VALUES ('51', '29', '46', '2009-04-29 23:44:18', '0000-00-00 00:00:00');
INSERT INTO `likes_users_posts` (`id`, `user_id`, `users_posts_id`, `created_at`, `deleted_at`) VALUES ('75', '30', '84', '1981-01-15 11:08:10', '1972-07-03 18:22:12');
INSERT INTO `likes_users_posts` (`id`, `user_id`, `users_posts_id`, `created_at`, `deleted_at`) VALUES ('85', '31', '54', '2018-02-17 01:34:17', '1980-04-09 02:22:51');
INSERT INTO `likes_users_posts` (`id`, `user_id`, `users_posts_id`, `created_at`, `deleted_at`) VALUES ('92', '32', '8', '1980-05-04 08:42:39', '2006-01-29 10:57:00');
INSERT INTO `likes_users_posts` (`id`, `user_id`, `users_posts_id`, `created_at`, `deleted_at`) VALUES ('21', '33', '62', '1977-08-03 01:31:43', '0000-00-00 00:00:00');
INSERT INTO `likes_users_posts` (`id`, `user_id`, `users_posts_id`, `created_at`, `deleted_at`) VALUES ('83', '34', '10', '1974-08-18 04:42:30', '0000-00-00 00:00:00');
INSERT INTO `likes_users_posts` (`id`, `user_id`, `users_posts_id`, `created_at`, `deleted_at`) VALUES ('59', '35', '7', '2008-04-27 09:48:28', '0000-00-00 00:00:00');
INSERT INTO `likes_users_posts` (`id`, `user_id`, `users_posts_id`, `created_at`, `deleted_at`) VALUES ('47', '36', '94', '1970-02-03 21:57:13', '2001-03-28 19:07:36');
INSERT INTO `likes_users_posts` (`id`, `user_id`, `users_posts_id`, `created_at`, `deleted_at`) VALUES ('60', '37', '12', '2010-12-02 09:50:31', '1985-09-03 02:50:41');
INSERT INTO `likes_users_posts` (`id`, `user_id`, `users_posts_id`, `created_at`, `deleted_at`) VALUES ('26', '38', '76', '2004-06-30 19:30:17', '0000-00-00 00:00:00');
INSERT INTO `likes_users_posts` (`id`, `user_id`, `users_posts_id`, `created_at`, `deleted_at`) VALUES ('31', '39', '14', '1984-04-19 02:15:10', '1988-11-02 21:48:02');
INSERT INTO `likes_users_posts` (`id`, `user_id`, `users_posts_id`, `created_at`, `deleted_at`) VALUES ('48', '40', '9', '1985-07-31 19:14:40', '2003-08-13 20:41:50');
INSERT INTO `likes_users_posts` (`id`, `user_id`, `users_posts_id`, `created_at`, `deleted_at`) VALUES ('28', '40', '79', '2010-09-21 17:18:16', '1976-04-12 15:38:30');
INSERT INTO `likes_users_posts` (`id`, `user_id`, `users_posts_id`, `created_at`, `deleted_at`) VALUES ('14', '41', '64', '1975-10-22 16:04:58', '2007-09-01 15:18:51');
INSERT INTO `likes_users_posts` (`id`, `user_id`, `users_posts_id`, `created_at`, `deleted_at`) VALUES ('30', '42', '91', '1983-12-27 11:54:22', '0000-00-00 00:00:00');
INSERT INTO `likes_users_posts` (`id`, `user_id`, `users_posts_id`, `created_at`, `deleted_at`) VALUES ('89', '45', '7', '1975-12-27 13:50:44', '0000-00-00 00:00:00');
INSERT INTO `likes_users_posts` (`id`, `user_id`, `users_posts_id`, `created_at`, `deleted_at`) VALUES ('3', '45', '52', '1987-07-11 22:24:04', '0000-00-00 00:00:00');
INSERT INTO `likes_users_posts` (`id`, `user_id`, `users_posts_id`, `created_at`, `deleted_at`) VALUES ('55', '47', '90', '1974-08-27 15:50:59', '2000-08-16 17:37:58');
INSERT INTO `likes_users_posts` (`id`, `user_id`, `users_posts_id`, `created_at`, `deleted_at`) VALUES ('74', '48', '42', '1991-06-02 17:43:34', '0000-00-00 00:00:00');
INSERT INTO `likes_users_posts` (`id`, `user_id`, `users_posts_id`, `created_at`, `deleted_at`) VALUES ('95', '49', '21', '2000-12-05 14:25:50', '0000-00-00 00:00:00');
INSERT INTO `likes_users_posts` (`id`, `user_id`, `users_posts_id`, `created_at`, `deleted_at`) VALUES ('7', '49', '23', '2002-02-14 12:37:43', '0000-00-00 00:00:00');
INSERT INTO `likes_users_posts` (`id`, `user_id`, `users_posts_id`, `created_at`, `deleted_at`) VALUES ('79', '49', '95', '1971-12-30 11:37:42', '0000-00-00 00:00:00');
INSERT INTO `likes_users_posts` (`id`, `user_id`, `users_posts_id`, `created_at`, `deleted_at`) VALUES ('94', '51', '54', '1992-06-24 15:50:17', '0000-00-00 00:00:00');
INSERT INTO `likes_users_posts` (`id`, `user_id`, `users_posts_id`, `created_at`, `deleted_at`) VALUES ('34', '53', '84', '1982-06-14 21:25:06', '0000-00-00 00:00:00');
INSERT INTO `likes_users_posts` (`id`, `user_id`, `users_posts_id`, `created_at`, `deleted_at`) VALUES ('36', '54', '3', '1974-08-06 21:25:01', '0000-00-00 00:00:00');
INSERT INTO `likes_users_posts` (`id`, `user_id`, `users_posts_id`, `created_at`, `deleted_at`) VALUES ('4', '54', '54', '1992-11-25 03:36:20', '1999-05-05 08:50:41');
INSERT INTO `likes_users_posts` (`id`, `user_id`, `users_posts_id`, `created_at`, `deleted_at`) VALUES ('76', '54', '58', '2016-10-04 02:44:19', '1971-11-15 18:32:27');
INSERT INTO `likes_users_posts` (`id`, `user_id`, `users_posts_id`, `created_at`, `deleted_at`) VALUES ('13', '56', '83', '1979-07-07 22:22:49', '1994-09-18 20:50:59');
INSERT INTO `likes_users_posts` (`id`, `user_id`, `users_posts_id`, `created_at`, `deleted_at`) VALUES ('42', '58', '2', '2016-02-17 09:36:31', '0000-00-00 00:00:00');
INSERT INTO `likes_users_posts` (`id`, `user_id`, `users_posts_id`, `created_at`, `deleted_at`) VALUES ('88', '59', '31', '1993-02-02 18:24:18', '1996-12-08 09:23:03');
INSERT INTO `likes_users_posts` (`id`, `user_id`, `users_posts_id`, `created_at`, `deleted_at`) VALUES ('65', '60', '65', '1971-07-03 23:28:18', '1973-11-08 22:09:13');
INSERT INTO `likes_users_posts` (`id`, `user_id`, `users_posts_id`, `created_at`, `deleted_at`) VALUES ('81', '60', '66', '1973-02-27 13:35:37', '1976-09-20 22:59:29');
INSERT INTO `likes_users_posts` (`id`, `user_id`, `users_posts_id`, `created_at`, `deleted_at`) VALUES ('5', '60', '69', '1989-12-03 01:48:25', '2012-09-02 16:49:32');
INSERT INTO `likes_users_posts` (`id`, `user_id`, `users_posts_id`, `created_at`, `deleted_at`) VALUES ('96', '62', '9', '2010-03-26 23:09:05', '1978-05-23 04:52:27');
INSERT INTO `likes_users_posts` (`id`, `user_id`, `users_posts_id`, `created_at`, `deleted_at`) VALUES ('84', '64', '57', '2017-03-26 09:25:11', '1996-10-08 10:24:54');
INSERT INTO `likes_users_posts` (`id`, `user_id`, `users_posts_id`, `created_at`, `deleted_at`) VALUES ('12', '66', '64', '1999-04-24 15:00:15', '0000-00-00 00:00:00');
INSERT INTO `likes_users_posts` (`id`, `user_id`, `users_posts_id`, `created_at`, `deleted_at`) VALUES ('25', '67', '88', '2002-11-17 00:19:09', '1995-10-31 07:38:25');
INSERT INTO `likes_users_posts` (`id`, `user_id`, `users_posts_id`, `created_at`, `deleted_at`) VALUES ('99', '68', '43', '1992-11-24 07:54:13', '2008-11-19 14:20:54');
INSERT INTO `likes_users_posts` (`id`, `user_id`, `users_posts_id`, `created_at`, `deleted_at`) VALUES ('80', '70', '9', '2012-11-20 01:45:36', '1992-04-05 07:04:01');
INSERT INTO `likes_users_posts` (`id`, `user_id`, `users_posts_id`, `created_at`, `deleted_at`) VALUES ('35', '71', '36', '2018-08-25 03:45:03', '0000-00-00 00:00:00');
INSERT INTO `likes_users_posts` (`id`, `user_id`, `users_posts_id`, `created_at`, `deleted_at`) VALUES ('16', '72', '6', '1970-10-14 11:51:22', '0000-00-00 00:00:00');
INSERT INTO `likes_users_posts` (`id`, `user_id`, `users_posts_id`, `created_at`, `deleted_at`) VALUES ('90', '72', '74', '1980-10-23 17:15:26', '0000-00-00 00:00:00');
INSERT INTO `likes_users_posts` (`id`, `user_id`, `users_posts_id`, `created_at`, `deleted_at`) VALUES ('33', '73', '7', '1978-10-11 22:00:39', '0000-00-00 00:00:00');
INSERT INTO `likes_users_posts` (`id`, `user_id`, `users_posts_id`, `created_at`, `deleted_at`) VALUES ('52', '73', '26', '2009-07-04 05:14:03', '1971-01-01 03:33:02');
INSERT INTO `likes_users_posts` (`id`, `user_id`, `users_posts_id`, `created_at`, `deleted_at`) VALUES ('64', '73', '27', '1996-12-26 15:41:19', '0000-00-00 00:00:00');
INSERT INTO `likes_users_posts` (`id`, `user_id`, `users_posts_id`, `created_at`, `deleted_at`) VALUES ('100', '76', '98', '1976-06-09 00:24:46', '0000-00-00 00:00:00');
INSERT INTO `likes_users_posts` (`id`, `user_id`, `users_posts_id`, `created_at`, `deleted_at`) VALUES ('45', '78', '22', '1989-03-21 22:01:32', '0000-00-00 00:00:00');
INSERT INTO `likes_users_posts` (`id`, `user_id`, `users_posts_id`, `created_at`, `deleted_at`) VALUES ('41', '79', '19', '2002-10-03 01:19:55', '0000-00-00 00:00:00');
INSERT INTO `likes_users_posts` (`id`, `user_id`, `users_posts_id`, `created_at`, `deleted_at`) VALUES ('44', '80', '7', '1986-02-18 11:00:42', '1977-06-08 07:13:41');
INSERT INTO `likes_users_posts` (`id`, `user_id`, `users_posts_id`, `created_at`, `deleted_at`) VALUES ('6', '80', '13', '2015-04-12 20:23:47', '0000-00-00 00:00:00');
INSERT INTO `likes_users_posts` (`id`, `user_id`, `users_posts_id`, `created_at`, `deleted_at`) VALUES ('98', '80', '20', '2006-05-26 12:59:14', '2013-10-12 19:11:04');
INSERT INTO `likes_users_posts` (`id`, `user_id`, `users_posts_id`, `created_at`, `deleted_at`) VALUES ('56', '80', '26', '2013-06-15 23:18:57', '0000-00-00 00:00:00');
INSERT INTO `likes_users_posts` (`id`, `user_id`, `users_posts_id`, `created_at`, `deleted_at`) VALUES ('10', '80', '38', '2008-03-29 01:51:20', '2008-12-22 03:44:34');
INSERT INTO `likes_users_posts` (`id`, `user_id`, `users_posts_id`, `created_at`, `deleted_at`) VALUES ('40', '82', '82', '2000-02-16 19:06:22', '2003-11-16 07:40:04');
INSERT INTO `likes_users_posts` (`id`, `user_id`, `users_posts_id`, `created_at`, `deleted_at`) VALUES ('53', '83', '56', '1989-12-01 12:57:58', '0000-00-00 00:00:00');
INSERT INTO `likes_users_posts` (`id`, `user_id`, `users_posts_id`, `created_at`, `deleted_at`) VALUES ('20', '83', '71', '1978-05-12 10:58:14', '0000-00-00 00:00:00');
INSERT INTO `likes_users_posts` (`id`, `user_id`, `users_posts_id`, `created_at`, `deleted_at`) VALUES ('22', '83', '81', '1973-04-08 03:50:00', '1990-11-04 19:11:23');
INSERT INTO `likes_users_posts` (`id`, `user_id`, `users_posts_id`, `created_at`, `deleted_at`) VALUES ('38', '84', '82', '2007-09-05 06:32:19', '0000-00-00 00:00:00');
INSERT INTO `likes_users_posts` (`id`, `user_id`, `users_posts_id`, `created_at`, `deleted_at`) VALUES ('17', '85', '60', '2002-05-26 12:14:59', '1971-01-16 07:53:40');
INSERT INTO `likes_users_posts` (`id`, `user_id`, `users_posts_id`, `created_at`, `deleted_at`) VALUES ('23', '85', '80', '1976-05-25 18:32:38', '0000-00-00 00:00:00');
INSERT INTO `likes_users_posts` (`id`, `user_id`, `users_posts_id`, `created_at`, `deleted_at`) VALUES ('97', '86', '58', '1997-07-12 02:52:49', '0000-00-00 00:00:00');
INSERT INTO `likes_users_posts` (`id`, `user_id`, `users_posts_id`, `created_at`, `deleted_at`) VALUES ('29', '86', '80', '2018-06-01 13:45:37', '1999-10-24 18:04:43');
INSERT INTO `likes_users_posts` (`id`, `user_id`, `users_posts_id`, `created_at`, `deleted_at`) VALUES ('2', '88', '6', '1987-07-07 14:19:13', '1976-09-16 20:45:29');
INSERT INTO `likes_users_posts` (`id`, `user_id`, `users_posts_id`, `created_at`, `deleted_at`) VALUES ('91', '91', '25', '1978-08-02 08:18:41', '0000-00-00 00:00:00');
INSERT INTO `likes_users_posts` (`id`, `user_id`, `users_posts_id`, `created_at`, `deleted_at`) VALUES ('70', '91', '71', '1992-07-15 00:17:03', '0000-00-00 00:00:00');
INSERT INTO `likes_users_posts` (`id`, `user_id`, `users_posts_id`, `created_at`, `deleted_at`) VALUES ('50', '93', '70', '2019-08-13 09:56:03', '1995-04-07 03:38:01');
INSERT INTO `likes_users_posts` (`id`, `user_id`, `users_posts_id`, `created_at`, `deleted_at`) VALUES ('72', '96', '19', '2013-11-06 23:54:42', '1982-12-08 20:06:35');
INSERT INTO `likes_users_posts` (`id`, `user_id`, `users_posts_id`, `created_at`, `deleted_at`) VALUES ('32', '96', '24', '1995-04-27 00:02:24', '0000-00-00 00:00:00');
INSERT INTO `likes_users_posts` (`id`, `user_id`, `users_posts_id`, `created_at`, `deleted_at`) VALUES ('82', '96', '71', '1970-06-07 05:11:09', '1982-03-05 02:21:48');
INSERT INTO `likes_users_posts` (`id`, `user_id`, `users_posts_id`, `created_at`, `deleted_at`) VALUES ('66', '96', '88', '2018-08-14 19:52:09', '0000-00-00 00:00:00');
INSERT INTO `likes_users_posts` (`id`, `user_id`, `users_posts_id`, `created_at`, `deleted_at`) VALUES ('8', '97', '27', '1992-10-01 17:01:40', '2008-08-10 11:30:07');
INSERT INTO `likes_users_posts` (`id`, `user_id`, `users_posts_id`, `created_at`, `deleted_at`) VALUES ('46', '98', '17', '1979-07-14 20:22:11', '2005-10-28 05:53:47');
INSERT INTO `likes_users_posts` (`id`, `user_id`, `users_posts_id`, `created_at`, `deleted_at`) VALUES ('37', '98', '37', '1988-10-13 04:27:24', '2009-05-09 10:00:35');
INSERT INTO `likes_users_posts` (`id`, `user_id`, `users_posts_id`, `created_at`, `deleted_at`) VALUES ('1', '100', '26', '1970-06-16 15:33:58', '0000-00-00 00:00:00');
INSERT INTO `likes_users_posts` (`id`, `user_id`, `users_posts_id`, `created_at`, `deleted_at`) VALUES ('49', '100', '93', '2017-08-28 17:32:38', '1998-03-02 20:49:47');


#
# TABLE STRUCTURE FOR: media
#

DROP TABLE IF EXISTS `media`;

CREATE TABLE `media` (
  `id` bigint(20) unsigned NOT NULL AUTO_INCREMENT,
  `media_type_id` bigint(20) unsigned NOT NULL,
  `user_id` bigint(20) unsigned NOT NULL,
  `body` text DEFAULT NULL,
  `filename` varchar(255) DEFAULT NULL,
  `size` int(11) DEFAULT NULL,
  `metadata` longtext CHARACTER SET utf8mb4 COLLATE utf8mb4_bin DEFAULT NULL CHECK (json_valid(`metadata`)),
  `created_at` datetime DEFAULT current_timestamp(),
  `updated_at` datetime DEFAULT current_timestamp() ON UPDATE current_timestamp(),
  PRIMARY KEY (`id`),
  UNIQUE KEY `id` (`id`),
  KEY `user_id` (`user_id`),
  KEY `media_type_id` (`media_type_id`),
  CONSTRAINT `media_ibfk_1` FOREIGN KEY (`user_id`) REFERENCES `users` (`id`),
  CONSTRAINT `media_ibfk_2` FOREIGN KEY (`media_type_id`) REFERENCES `media_types` (`id`)
) ENGINE=InnoDB AUTO_INCREMENT=101 DEFAULT CHARSET=latin1;

INSERT INTO `media` (`id`, `media_type_id`, `user_id`, `body`, `filename`, `size`, `metadata`, `created_at`, `updated_at`) VALUES ('1', '2', '61', 'Pariatur voluptatem vero voluptas magnam numquam provident velit. Iure ipsam placeat cupiditate quia odit laborum. Neque laborum libero rem fugit. Incidunt voluptatem doloremque qui numquam aut omnis.', 'vero', 256443, NULL, '2002-06-29 16:14:44', '2020-05-31 08:49:50');
INSERT INTO `media` (`id`, `media_type_id`, `user_id`, `body`, `filename`, `size`, `metadata`, `created_at`, `updated_at`) VALUES ('2', '10', '9', 'Ut ducimus et veniam laboriosam amet. Ut sed rerum iusto quisquam exercitationem. Assumenda consequatur quidem rerum et dignissimos.', 'rem', 627368, NULL, '1980-04-16 14:25:08', '2020-05-31 08:49:50');
INSERT INTO `media` (`id`, `media_type_id`, `user_id`, `body`, `filename`, `size`, `metadata`, `created_at`, `updated_at`) VALUES ('3', '8', '59', 'Fugiat dicta illo iure quos sit. Labore rerum voluptatem est quia. Id recusandae voluptatem odio est velit tenetur.', 'voluptate', 9212376, NULL, '1991-10-25 23:34:19', '2020-05-31 08:49:50');
INSERT INTO `media` (`id`, `media_type_id`, `user_id`, `body`, `filename`, `size`, `metadata`, `created_at`, `updated_at`) VALUES ('4', '9', '51', 'Et non voluptatem quibusdam error architecto occaecati. Cum cumque molestias voluptatibus. Quo aut et qui et facilis.', 'aperiam', 598, NULL, '1975-06-03 10:38:39', '2020-05-31 08:49:50');
INSERT INTO `media` (`id`, `media_type_id`, `user_id`, `body`, `filename`, `size`, `metadata`, `created_at`, `updated_at`) VALUES ('5', '4', '92', 'Sit magnam odio excepturi error aspernatur excepturi. Ut ipsa rerum debitis omnis sit. Adipisci possimus ipsam ducimus laudantium laboriosam hic. Labore ea tenetur autem corporis.', 'consequatur', 4959900, NULL, '2002-07-14 02:12:10', '2020-05-31 08:49:50');
INSERT INTO `media` (`id`, `media_type_id`, `user_id`, `body`, `filename`, `size`, `metadata`, `created_at`, `updated_at`) VALUES ('6', '2', '47', 'Qui eligendi explicabo ut. Accusantium odit voluptates ipsum enim aut eligendi sit. Earum sunt corporis dolor voluptatem facilis ut quos. Perferendis consequatur sequi eaque accusantium vel.', 'et', 0, NULL, '2013-06-28 22:51:28', '2020-05-31 08:49:50');
INSERT INTO `media` (`id`, `media_type_id`, `user_id`, `body`, `filename`, `size`, `metadata`, `created_at`, `updated_at`) VALUES ('7', '7', '37', 'Vel ipsa vel ipsa nemo fugit. Rem laborum autem veniam beatae nostrum. Eos animi quas nesciunt saepe quaerat saepe sunt. Libero qui officiis architecto quisquam molestiae est dolor.', 'quis', 82293992, NULL, '1980-10-31 15:32:34', '2020-05-31 08:49:50');
INSERT INTO `media` (`id`, `media_type_id`, `user_id`, `body`, `filename`, `size`, `metadata`, `created_at`, `updated_at`) VALUES ('8', '10', '98', 'Ipsa fugit repellendus voluptas illum sequi deleniti dolor. Dolor minus ut rerum sint eum voluptas placeat. Est blanditiis quibusdam sed tempore ipsum blanditiis quasi.', 'aut', 4509, NULL, '1973-03-30 14:28:16', '2020-05-31 08:49:50');
INSERT INTO `media` (`id`, `media_type_id`, `user_id`, `body`, `filename`, `size`, `metadata`, `created_at`, `updated_at`) VALUES ('9', '2', '39', 'Fuga repudiandae qui atque illum. Et error eligendi ducimus. Minima in quos maiores nobis ad occaecati delectus.', 'autem', 1583, NULL, '2000-11-01 10:02:39', '2020-05-31 08:49:50');
INSERT INTO `media` (`id`, `media_type_id`, `user_id`, `body`, `filename`, `size`, `metadata`, `created_at`, `updated_at`) VALUES ('10', '3', '16', 'Ex saepe dolorum ex nostrum ut aliquid soluta. Dolorem voluptate velit mollitia consequatur. Tenetur exercitationem aut et nostrum.', 'neque', 20260194, NULL, '1972-07-07 09:39:47', '2020-05-31 08:49:50');
INSERT INTO `media` (`id`, `media_type_id`, `user_id`, `body`, `filename`, `size`, `metadata`, `created_at`, `updated_at`) VALUES ('11', '1', '58', 'Perferendis incidunt repellat ab error magni officia. Quia animi doloribus cupiditate quo praesentium repellendus. Facere libero harum et sequi unde earum.', 'consectetur', 902560124, NULL, '2017-07-01 06:47:51', '2020-05-31 08:49:50');
INSERT INTO `media` (`id`, `media_type_id`, `user_id`, `body`, `filename`, `size`, `metadata`, `created_at`, `updated_at`) VALUES ('12', '2', '16', 'Omnis eum fugit ut nostrum vel. Dolor non et aperiam. Tempore rem assumenda non blanditiis.', 'et', 0, NULL, '2002-12-15 11:34:42', '2020-05-31 08:49:50');
INSERT INTO `media` (`id`, `media_type_id`, `user_id`, `body`, `filename`, `size`, `metadata`, `created_at`, `updated_at`) VALUES ('13', '3', '22', 'Expedita natus non quia recusandae debitis aut excepturi. Molestiae doloribus alias autem. Tenetur ea qui nulla repellat atque hic labore modi. Perferendis eius modi nostrum ut voluptas dolores.', 'maiores', 7, NULL, '1994-11-23 18:54:30', '2020-05-31 08:49:50');
INSERT INTO `media` (`id`, `media_type_id`, `user_id`, `body`, `filename`, `size`, `metadata`, `created_at`, `updated_at`) VALUES ('14', '2', '87', 'Deserunt veniam enim quisquam ea odit est. Labore non possimus omnis dolor. Sint saepe qui quis quo. Laudantium totam amet sed quis.', 'dolorem', 3, NULL, '2010-12-12 15:13:17', '2020-05-31 08:49:50');
INSERT INTO `media` (`id`, `media_type_id`, `user_id`, `body`, `filename`, `size`, `metadata`, `created_at`, `updated_at`) VALUES ('15', '5', '71', 'Sit et quaerat eaque quo facilis quisquam rerum deserunt. Culpa ut ex ad et veritatis. Veniam in neque labore eveniet. Eius accusamus voluptas aspernatur et error deserunt perferendis.', 'repellendus', 27658, NULL, '1977-07-09 16:26:20', '2020-05-31 08:49:50');
INSERT INTO `media` (`id`, `media_type_id`, `user_id`, `body`, `filename`, `size`, `metadata`, `created_at`, `updated_at`) VALUES ('16', '6', '57', 'Ut ratione incidunt recusandae nihil modi. Accusantium excepturi nisi et quia harum. Commodi ipsum adipisci unde odit itaque explicabo.', 'et', 563474, NULL, '1972-10-17 17:24:29', '2020-05-31 08:49:50');
INSERT INTO `media` (`id`, `media_type_id`, `user_id`, `body`, `filename`, `size`, `metadata`, `created_at`, `updated_at`) VALUES ('17', '4', '49', 'Impedit quis nihil ut sed sunt perferendis. Mollitia blanditiis dolorem ratione voluptates eos hic sit. Non consequatur eveniet fugiat enim.', 'occaecati', 59, NULL, '2008-03-29 04:16:24', '2020-05-31 08:49:50');
INSERT INTO `media` (`id`, `media_type_id`, `user_id`, `body`, `filename`, `size`, `metadata`, `created_at`, `updated_at`) VALUES ('18', '7', '9', 'Qui quam iste vero consequatur qui sit dicta. Iusto mollitia maxime quia dolores dolore. Velit repellendus quo pariatur necessitatibus cum vero aliquam. Vel autem non id reprehenderit sint.', 'ratione', 6820, NULL, '2011-11-30 19:56:25', '2020-05-31 08:49:50');
INSERT INTO `media` (`id`, `media_type_id`, `user_id`, `body`, `filename`, `size`, `metadata`, `created_at`, `updated_at`) VALUES ('19', '1', '52', 'Maiores laborum tempora cumque commodi maxime nesciunt ipsam. Quam odio sunt mollitia eaque. Aliquam sit facilis omnis minima. Eius doloremque rem nesciunt amet aut illo corrupti.', 'blanditiis', 0, NULL, '2016-10-24 21:10:25', '2020-05-31 08:49:50');
INSERT INTO `media` (`id`, `media_type_id`, `user_id`, `body`, `filename`, `size`, `metadata`, `created_at`, `updated_at`) VALUES ('20', '6', '41', 'Quos est molestias incidunt eligendi. Voluptatem inventore nemo et nam et qui est. Et quia expedita dolorum et. Vel atque molestias rerum id.', 'delectus', 0, NULL, '2016-09-21 11:45:00', '2020-05-31 08:49:50');
INSERT INTO `media` (`id`, `media_type_id`, `user_id`, `body`, `filename`, `size`, `metadata`, `created_at`, `updated_at`) VALUES ('21', '5', '77', 'Et autem autem error voluptatum et. Nostrum fugit eos dolor non qui expedita natus. Est et omnis distinctio consequatur possimus omnis sint. Id est molestiae fugiat quis aperiam eligendi.', 'aut', 418687630, NULL, '2001-04-15 12:39:22', '2020-05-31 08:49:50');
INSERT INTO `media` (`id`, `media_type_id`, `user_id`, `body`, `filename`, `size`, `metadata`, `created_at`, `updated_at`) VALUES ('22', '9', '7', 'Illum ut et asperiores in dicta. Odio recusandae veniam consequatur ad repellendus. Dolorum corrupti nesciunt fuga tempora occaecati. Sed quod sapiente et quis itaque eum.', 'adipisci', 0, NULL, '2004-02-15 15:45:07', '2020-05-31 08:49:50');
INSERT INTO `media` (`id`, `media_type_id`, `user_id`, `body`, `filename`, `size`, `metadata`, `created_at`, `updated_at`) VALUES ('23', '2', '84', 'Sapiente esse dolores doloribus quis consequuntur amet rerum. Praesentium ipsum id corporis suscipit molestias voluptas. Rerum et tenetur ut eos suscipit.', 'ad', 384, NULL, '1988-02-20 05:32:37', '2020-05-31 08:49:50');
INSERT INTO `media` (`id`, `media_type_id`, `user_id`, `body`, `filename`, `size`, `metadata`, `created_at`, `updated_at`) VALUES ('24', '1', '28', 'Voluptatem in nihil officia minima. Odit aliquam amet asperiores molestiae nobis occaecati aperiam. Quis et aut esse magni totam.', 'eligendi', 23, NULL, '2003-01-30 05:29:41', '2020-05-31 08:49:50');
INSERT INTO `media` (`id`, `media_type_id`, `user_id`, `body`, `filename`, `size`, `metadata`, `created_at`, `updated_at`) VALUES ('25', '3', '25', 'Sequi non est neque. Officia temporibus explicabo aperiam quo earum voluptatem eos eos. Excepturi nemo in nemo doloremque molestiae.', 'delectus', 15088242, NULL, '2018-09-24 01:38:41', '2020-05-31 08:49:50');
INSERT INTO `media` (`id`, `media_type_id`, `user_id`, `body`, `filename`, `size`, `metadata`, `created_at`, `updated_at`) VALUES ('26', '5', '24', 'Excepturi tenetur doloribus saepe ipsum repellat. Impedit vel beatae in dolorem. Rem nobis dicta voluptatem saepe.', 'neque', 8826, NULL, '2018-02-06 16:35:29', '2020-05-31 08:49:50');
INSERT INTO `media` (`id`, `media_type_id`, `user_id`, `body`, `filename`, `size`, `metadata`, `created_at`, `updated_at`) VALUES ('27', '9', '57', 'Quae harum accusantium vero tenetur cumque aut et. Libero eos est soluta quia id totam ut quaerat. Neque ducimus quos assumenda aut quam nostrum officia ut. Modi quia voluptas cum aut. Ut autem beatae ut aperiam sunt totam quis odit.', 'aut', 4, NULL, '1989-01-04 09:07:41', '2020-05-31 08:49:50');
INSERT INTO `media` (`id`, `media_type_id`, `user_id`, `body`, `filename`, `size`, `metadata`, `created_at`, `updated_at`) VALUES ('28', '4', '11', 'Consequatur vero ducimus ab earum dolores eaque sequi dolor. Molestiae rerum consequatur illo excepturi blanditiis vel. Natus perferendis qui eum enim dicta iusto saepe commodi. Sint provident ratione non dolores dolores vitae.', 'sit', 32144, NULL, '2004-12-10 04:51:05', '2020-05-31 08:49:50');
INSERT INTO `media` (`id`, `media_type_id`, `user_id`, `body`, `filename`, `size`, `metadata`, `created_at`, `updated_at`) VALUES ('29', '8', '59', 'Vero dignissimos vitae voluptatem vero. Ipsum et corrupti enim vitae tenetur saepe. Quas id itaque sunt molestiae eaque autem neque consectetur.', 'praesentium', 7493, NULL, '1979-04-03 10:22:55', '2020-05-31 08:49:50');
INSERT INTO `media` (`id`, `media_type_id`, `user_id`, `body`, `filename`, `size`, `metadata`, `created_at`, `updated_at`) VALUES ('30', '10', '24', 'Itaque praesentium cupiditate eaque architecto. Voluptatem corporis tenetur et quod. Quo excepturi sed molestias voluptatibus earum.', 'voluptates', 935585220, NULL, '1974-01-19 06:44:16', '2020-05-31 08:49:50');
INSERT INTO `media` (`id`, `media_type_id`, `user_id`, `body`, `filename`, `size`, `metadata`, `created_at`, `updated_at`) VALUES ('31', '3', '52', 'Qui dolorum quos distinctio. Consequatur dolorem voluptatem minima natus quos. Quo ad et aliquam et. Itaque qui nesciunt inventore aliquid qui.', 'mollitia', 4, NULL, '2005-07-14 07:48:19', '2020-05-31 08:49:50');
INSERT INTO `media` (`id`, `media_type_id`, `user_id`, `body`, `filename`, `size`, `metadata`, `created_at`, `updated_at`) VALUES ('32', '9', '61', 'Sit neque aut molestias natus adipisci. Ex voluptas excepturi quis error. Sunt iste voluptatum mollitia delectus.', 'blanditiis', 2091, NULL, '2017-04-11 19:08:58', '2020-05-31 08:49:50');
INSERT INTO `media` (`id`, `media_type_id`, `user_id`, `body`, `filename`, `size`, `metadata`, `created_at`, `updated_at`) VALUES ('33', '10', '46', 'Deserunt consequatur fuga autem quia atque. Est qui error voluptas alias consequatur. Vel facere earum eius id. Suscipit est officia laboriosam. Impedit ullam nisi porro labore aliquam.', 'soluta', 0, NULL, '2001-09-17 00:17:01', '2020-05-31 08:49:50');
INSERT INTO `media` (`id`, `media_type_id`, `user_id`, `body`, `filename`, `size`, `metadata`, `created_at`, `updated_at`) VALUES ('34', '7', '7', 'Accusantium nobis nobis veniam iure est. Laudantium ut aut voluptatem enim ratione eius illo. Atque quos reprehenderit quae nostrum.', 'unde', 39, NULL, '2015-02-15 11:41:07', '2020-05-31 08:49:50');
INSERT INTO `media` (`id`, `media_type_id`, `user_id`, `body`, `filename`, `size`, `metadata`, `created_at`, `updated_at`) VALUES ('35', '10', '30', 'Laudantium temporibus dolor rerum natus. Est asperiores deserunt repudiandae veritatis. Quo qui quos rerum aut enim. Ea quia qui harum velit et doloremque.', 'enim', 8958, NULL, '1976-07-28 03:11:08', '2020-05-31 08:49:50');
INSERT INTO `media` (`id`, `media_type_id`, `user_id`, `body`, `filename`, `size`, `metadata`, `created_at`, `updated_at`) VALUES ('36', '5', '42', 'Laboriosam optio culpa sit minus itaque aut. Corrupti sed velit libero dolorem velit et et non. Ullam et iusto nihil temporibus minima.', 'exercitationem', 645465, NULL, '1980-11-29 00:45:41', '2020-05-31 08:49:50');
INSERT INTO `media` (`id`, `media_type_id`, `user_id`, `body`, `filename`, `size`, `metadata`, `created_at`, `updated_at`) VALUES ('37', '1', '35', 'Enim qui voluptatem dolorem mollitia tempore vel nemo. Praesentium error doloremque architecto pariatur tempore et enim praesentium. Et dolorem nulla qui a omnis.', 'tempora', 810932, NULL, '1997-08-15 13:21:42', '2020-05-31 08:49:50');
INSERT INTO `media` (`id`, `media_type_id`, `user_id`, `body`, `filename`, `size`, `metadata`, `created_at`, `updated_at`) VALUES ('38', '5', '18', 'Omnis fugit voluptatem reiciendis repellendus quidem neque dolor. Pariatur nam deleniti ipsa sed. Quam in ut vitae ex unde. Error voluptatum iste cum ea quia eos dolore reiciendis.', 'enim', 44558, NULL, '1981-07-25 23:09:32', '2020-05-31 08:49:50');
INSERT INTO `media` (`id`, `media_type_id`, `user_id`, `body`, `filename`, `size`, `metadata`, `created_at`, `updated_at`) VALUES ('39', '2', '51', 'Corporis provident quia rerum aut debitis dolor reprehenderit. Dolore nobis dolores voluptatem sed. Sunt quia ea aut. Ea dolorem quasi beatae odio.', 'rerum', 857032525, NULL, '1997-11-09 14:46:35', '2020-05-31 08:49:50');
INSERT INTO `media` (`id`, `media_type_id`, `user_id`, `body`, `filename`, `size`, `metadata`, `created_at`, `updated_at`) VALUES ('40', '5', '41', 'Qui est dignissimos saepe non consequatur aperiam occaecati. Excepturi quidem qui suscipit libero at ducimus facere. Adipisci explicabo sit sunt sit eveniet qui in.', 'earum', 95996, NULL, '2016-12-10 00:47:00', '2020-05-31 08:49:50');
INSERT INTO `media` (`id`, `media_type_id`, `user_id`, `body`, `filename`, `size`, `metadata`, `created_at`, `updated_at`) VALUES ('41', '8', '88', 'Nam architecto officiis vel. Sed quibusdam voluptate numquam minus exercitationem. Vel omnis neque quo ipsa modi nostrum sunt. Veritatis eaque sed labore labore iste magni sit.', 'placeat', 2, NULL, '1978-03-21 20:20:35', '2020-05-31 08:49:50');
INSERT INTO `media` (`id`, `media_type_id`, `user_id`, `body`, `filename`, `size`, `metadata`, `created_at`, `updated_at`) VALUES ('42', '7', '58', 'Eveniet sed aut beatae dolor ipsa sapiente voluptatem tenetur. Sit harum quaerat blanditiis et omnis accusamus rerum maiores. Asperiores debitis ut nam amet.', 'consectetur', 594504, NULL, '2019-05-28 22:25:34', '2020-05-31 08:49:50');
INSERT INTO `media` (`id`, `media_type_id`, `user_id`, `body`, `filename`, `size`, `metadata`, `created_at`, `updated_at`) VALUES ('43', '5', '4', 'Ut odio tenetur magnam itaque odio aut doloribus non. Eos voluptatem non eligendi voluptas reiciendis ipsam. Ipsa quibusdam voluptas ut molestias.', 'aut', 6836957, NULL, '2002-01-26 04:57:44', '2020-05-31 08:49:50');
INSERT INTO `media` (`id`, `media_type_id`, `user_id`, `body`, `filename`, `size`, `metadata`, `created_at`, `updated_at`) VALUES ('44', '7', '23', 'Impedit commodi nam optio perferendis nostrum. Sit placeat aperiam aut est et inventore ullam. Est tempore magni dignissimos iste facere.', 'autem', 3, NULL, '2015-09-13 01:24:15', '2020-05-31 08:49:50');
INSERT INTO `media` (`id`, `media_type_id`, `user_id`, `body`, `filename`, `size`, `metadata`, `created_at`, `updated_at`) VALUES ('45', '7', '64', 'Odit libero optio autem dolores unde tempore. Necessitatibus voluptates repellat voluptatem doloremque aut. Consequuntur consequatur est nostrum aut sequi. Sit velit unde et dolores tempora numquam. Veritatis expedita ex et dolor repudiandae ut.', 'rerum', 6, NULL, '2016-01-29 07:06:10', '2020-05-31 08:49:50');
INSERT INTO `media` (`id`, `media_type_id`, `user_id`, `body`, `filename`, `size`, `metadata`, `created_at`, `updated_at`) VALUES ('46', '5', '92', 'Ipsa aut non aspernatur fugiat facilis illo. Quis qui ad tempore ut et fugit repellat. Repellat sit et natus quae placeat.', 'dolorem', 1342564, NULL, '1981-10-16 21:37:12', '2020-05-31 08:49:50');
INSERT INTO `media` (`id`, `media_type_id`, `user_id`, `body`, `filename`, `size`, `metadata`, `created_at`, `updated_at`) VALUES ('47', '2', '27', 'Saepe voluptatum recusandae perferendis. Cum laborum doloribus velit. Modi culpa harum nisi officiis sapiente mollitia illo magni. A est sit cupiditate dolorum.', 'dolorem', 2648361, NULL, '1992-09-02 05:19:28', '2020-05-31 08:49:50');
INSERT INTO `media` (`id`, `media_type_id`, `user_id`, `body`, `filename`, `size`, `metadata`, `created_at`, `updated_at`) VALUES ('48', '6', '15', 'Sit iste ullam reiciendis voluptatum cumque voluptate. Ducimus velit dignissimos eum praesentium eaque est. Reprehenderit eos sunt quia harum rerum reprehenderit. Non reiciendis vel corporis laborum eaque.', 'aut', 132772, NULL, '1973-05-09 22:45:33', '2020-05-31 08:49:50');
INSERT INTO `media` (`id`, `media_type_id`, `user_id`, `body`, `filename`, `size`, `metadata`, `created_at`, `updated_at`) VALUES ('49', '8', '22', 'Soluta tempora voluptas enim id expedita excepturi. Blanditiis assumenda ducimus non odit qui corrupti. Tenetur totam nam similique quam repudiandae.', 'ea', 0, NULL, '1985-01-18 08:11:58', '2020-05-31 08:49:50');
INSERT INTO `media` (`id`, `media_type_id`, `user_id`, `body`, `filename`, `size`, `metadata`, `created_at`, `updated_at`) VALUES ('50', '3', '70', 'Aliquid qui ullam sed cumque officia non. Quis dolore possimus provident veniam ab non. Beatae vitae voluptatem odio quod. Autem quibusdam deleniti quia est.', 'voluptatem', 74, NULL, '1977-08-07 23:45:25', '2020-05-31 08:49:50');
INSERT INTO `media` (`id`, `media_type_id`, `user_id`, `body`, `filename`, `size`, `metadata`, `created_at`, `updated_at`) VALUES ('51', '6', '69', 'Provident est suscipit doloribus aut tenetur tenetur omnis sint. Dolores velit consequatur ut cumque architecto. Totam provident nobis blanditiis dolores corporis sunt.', 'sit', 75788149, NULL, '2014-08-29 13:11:14', '2020-05-31 08:49:50');
INSERT INTO `media` (`id`, `media_type_id`, `user_id`, `body`, `filename`, `size`, `metadata`, `created_at`, `updated_at`) VALUES ('52', '2', '57', 'Sed quod aut repellat quibusdam iste qui veniam. Qui neque ipsam ullam accusamus et velit aut. Voluptatem reiciendis odit blanditiis quaerat accusamus ea totam.', 'magni', 0, NULL, '1996-06-04 18:31:16', '2020-05-31 08:49:50');
INSERT INTO `media` (`id`, `media_type_id`, `user_id`, `body`, `filename`, `size`, `metadata`, `created_at`, `updated_at`) VALUES ('53', '1', '59', 'Laboriosam commodi odio fugit voluptatibus voluptatum consequatur. Doloribus aut odio est minima minima velit. Neque reiciendis odit eligendi consequatur debitis et.', 'amet', 468980, NULL, '1981-07-28 04:30:22', '2020-05-31 08:49:50');
INSERT INTO `media` (`id`, `media_type_id`, `user_id`, `body`, `filename`, `size`, `metadata`, `created_at`, `updated_at`) VALUES ('54', '8', '22', 'Magnam aut provident voluptate. Pariatur consequatur est quaerat ea. Tenetur eum id ducimus ratione et. Voluptatem voluptatibus quae adipisci quisquam qui repellendus unde.', 'voluptatem', 4558447, NULL, '1979-03-09 23:31:19', '2020-05-31 08:49:50');
INSERT INTO `media` (`id`, `media_type_id`, `user_id`, `body`, `filename`, `size`, `metadata`, `created_at`, `updated_at`) VALUES ('55', '1', '20', 'Nostrum sit et accusamus quos labore. Est ipsa tempora ea sed. In explicabo ad laudantium minima voluptatem et iste. Eaque perferendis illo molestiae. Quam animi illum nulla eum iste consequatur modi.', 'aut', 650, NULL, '1989-08-04 12:24:52', '2020-05-31 08:49:50');
INSERT INTO `media` (`id`, `media_type_id`, `user_id`, `body`, `filename`, `size`, `metadata`, `created_at`, `updated_at`) VALUES ('56', '7', '85', 'Autem quaerat iusto aut sit. Qui repudiandae qui qui alias. Aliquam quisquam veniam error tenetur. Aspernatur voluptatem iusto reprehenderit expedita aliquid tempore mollitia. Ex totam labore animi consequatur dolorem sapiente.', 'sit', 424, NULL, '2006-07-25 22:17:17', '2020-05-31 08:49:50');
INSERT INTO `media` (`id`, `media_type_id`, `user_id`, `body`, `filename`, `size`, `metadata`, `created_at`, `updated_at`) VALUES ('57', '1', '26', 'Veniam in sit ex temporibus est est eos. Excepturi est vero libero est voluptatibus id. Aliquid distinctio qui nobis nulla sunt voluptas. Sed quis possimus id est sequi sit iusto.', 'optio', 2547, NULL, '1971-10-29 10:37:42', '2020-05-31 08:49:50');
INSERT INTO `media` (`id`, `media_type_id`, `user_id`, `body`, `filename`, `size`, `metadata`, `created_at`, `updated_at`) VALUES ('58', '5', '52', 'Deleniti molestias et accusamus eius quaerat illo excepturi. Impedit quia ut quis. Est perspiciatis ut rerum et laudantium autem perferendis. Ut enim quaerat sed omnis ut dolores.', 'quo', 70425484, NULL, '2015-09-28 05:26:34', '2020-05-31 08:49:50');
INSERT INTO `media` (`id`, `media_type_id`, `user_id`, `body`, `filename`, `size`, `metadata`, `created_at`, `updated_at`) VALUES ('59', '3', '10', 'Veniam deleniti dignissimos aut magnam. Omnis et quaerat accusantium est eum iste. Officia sit dolores rem dolorem illo voluptatibus quibusdam perferendis.', 'est', 877, NULL, '1983-07-17 03:00:49', '2020-05-31 08:49:50');
INSERT INTO `media` (`id`, `media_type_id`, `user_id`, `body`, `filename`, `size`, `metadata`, `created_at`, `updated_at`) VALUES ('60', '8', '92', 'Aliquid velit sint officia et corrupti officia ducimus. Harum ea molestiae nam numquam. Sed non dolor voluptatibus eaque consequatur iusto harum. Iste mollitia eius sit totam.', 'et', 552309657, NULL, '2009-12-17 12:59:29', '2020-05-31 08:49:50');
INSERT INTO `media` (`id`, `media_type_id`, `user_id`, `body`, `filename`, `size`, `metadata`, `created_at`, `updated_at`) VALUES ('61', '8', '20', 'Et ut rerum sit. Veniam saepe ipsam sed sint nihil eveniet qui cupiditate. Pariatur quidem itaque esse quia quasi eligendi dolore sed. In et voluptates qui ullam unde.', 'minus', 71, NULL, '1983-05-06 17:54:31', '2020-05-31 08:49:50');
INSERT INTO `media` (`id`, `media_type_id`, `user_id`, `body`, `filename`, `size`, `metadata`, `created_at`, `updated_at`) VALUES ('62', '9', '89', 'Minus ut corrupti sed corrupti delectus nostrum perspiciatis. A architecto et hic neque consequatur officia fugit. Optio sit in qui accusamus quis impedit.', 'quod', 2, NULL, '2002-06-08 15:16:22', '2020-05-31 08:49:50');
INSERT INTO `media` (`id`, `media_type_id`, `user_id`, `body`, `filename`, `size`, `metadata`, `created_at`, `updated_at`) VALUES ('63', '5', '36', 'Sit voluptatem eligendi eum iste. Ipsam quibusdam saepe quasi exercitationem officiis. Nesciunt cupiditate voluptatem sit quibusdam quisquam. Eligendi non et quia veritatis est. Reprehenderit reiciendis rerum molestiae dolorem adipisci soluta rerum a.', 'voluptatem', 3385132, NULL, '2020-03-14 17:35:04', '2020-05-31 08:49:50');
INSERT INTO `media` (`id`, `media_type_id`, `user_id`, `body`, `filename`, `size`, `metadata`, `created_at`, `updated_at`) VALUES ('64', '1', '18', 'Sed blanditiis amet harum quam. Quia possimus eius magni et. Iste temporibus ut id sit excepturi. Non vitae quaerat sed corrupti et.', 'aut', 50, NULL, '1997-04-11 02:16:19', '2020-05-31 08:49:50');
INSERT INTO `media` (`id`, `media_type_id`, `user_id`, `body`, `filename`, `size`, `metadata`, `created_at`, `updated_at`) VALUES ('65', '6', '25', 'Ut veritatis sequi iste cum ut esse. Veniam alias laboriosam corrupti magni ut iure quis vitae. Eum voluptatem voluptatum aspernatur necessitatibus excepturi recusandae molestias.', 'hic', 2403879, NULL, '2019-03-03 08:58:13', '2020-05-31 08:49:50');
INSERT INTO `media` (`id`, `media_type_id`, `user_id`, `body`, `filename`, `size`, `metadata`, `created_at`, `updated_at`) VALUES ('66', '9', '9', 'Eaque unde est eligendi delectus laboriosam. Sunt odit ipsum at fuga ex. Consequatur quo numquam recusandae eligendi.', 'porro', 7, NULL, '1997-02-14 14:04:13', '2020-05-31 08:49:50');
INSERT INTO `media` (`id`, `media_type_id`, `user_id`, `body`, `filename`, `size`, `metadata`, `created_at`, `updated_at`) VALUES ('67', '10', '99', 'Non provident expedita magnam sint exercitationem qui. Eligendi minima voluptatem quidem quae sit. Accusantium qui maiores non corporis ex. Rem quo temporibus accusamus voluptate rem saepe voluptas.', 'aperiam', 12, NULL, '2007-04-17 20:37:48', '2020-05-31 08:49:50');
INSERT INTO `media` (`id`, `media_type_id`, `user_id`, `body`, `filename`, `size`, `metadata`, `created_at`, `updated_at`) VALUES ('68', '7', '96', 'Error autem mollitia omnis labore excepturi quis sed laborum. Officiis sed quibusdam et aspernatur ab aut aliquam eum. Aliquid at deserunt pariatur aut molestiae minima est.', 'iusto', 981, NULL, '1989-05-26 14:06:58', '2020-05-31 08:49:50');
INSERT INTO `media` (`id`, `media_type_id`, `user_id`, `body`, `filename`, `size`, `metadata`, `created_at`, `updated_at`) VALUES ('69', '6', '39', 'Placeat perferendis sapiente ipsam quam esse explicabo fugiat. Delectus voluptatum ut neque occaecati pariatur ut.', 'earum', 0, NULL, '1995-12-21 02:52:18', '2020-05-31 08:49:50');
INSERT INTO `media` (`id`, `media_type_id`, `user_id`, `body`, `filename`, `size`, `metadata`, `created_at`, `updated_at`) VALUES ('70', '2', '67', 'Provident repellat soluta est et labore. Voluptas quibusdam aut ipsum dolorem dicta. Voluptas unde quasi sunt id odit non reprehenderit.', 'est', 81844, NULL, '1994-06-25 16:15:46', '2020-05-31 08:49:50');
INSERT INTO `media` (`id`, `media_type_id`, `user_id`, `body`, `filename`, `size`, `metadata`, `created_at`, `updated_at`) VALUES ('71', '6', '79', 'Molestiae distinctio laboriosam cumque unde. Iure sit perspiciatis mollitia debitis. Eum sequi vero voluptatem excepturi amet.', 'et', 24073, NULL, '1972-08-29 23:28:49', '2020-05-31 08:49:50');
INSERT INTO `media` (`id`, `media_type_id`, `user_id`, `body`, `filename`, `size`, `metadata`, `created_at`, `updated_at`) VALUES ('72', '6', '66', 'Quia aut labore sed numquam eum ut nostrum. Sint amet laborum veniam ut. Nostrum quam velit eius neque rerum. Doloribus voluptas est porro sunt ea impedit nemo.', 'voluptatem', 383741, NULL, '1999-11-09 12:29:08', '2020-05-31 08:49:50');
INSERT INTO `media` (`id`, `media_type_id`, `user_id`, `body`, `filename`, `size`, `metadata`, `created_at`, `updated_at`) VALUES ('73', '1', '93', 'Quibusdam ipsam magni ullam quaerat. Rem eius tempore quas quod ipsum laborum. Et quaerat impedit consequatur et nam. Nisi dolorum ea incidunt recusandae voluptatem quisquam nihil. Enim ad doloremque aut eum non occaecati.', 'optio', 377553, NULL, '1986-01-13 01:13:08', '2020-05-31 08:49:50');
INSERT INTO `media` (`id`, `media_type_id`, `user_id`, `body`, `filename`, `size`, `metadata`, `created_at`, `updated_at`) VALUES ('74', '2', '34', 'Id aut enim aut. Et deserunt fugit sint asperiores voluptatem. Omnis labore sed ut accusamus quos qui corrupti.', 'voluptatem', 2613, NULL, '2015-05-09 12:34:01', '2020-05-31 08:49:50');
INSERT INTO `media` (`id`, `media_type_id`, `user_id`, `body`, `filename`, `size`, `metadata`, `created_at`, `updated_at`) VALUES ('75', '1', '91', 'Deleniti exercitationem inventore id ut facere. Deserunt ipsa vitae nulla veritatis facilis sit soluta. Esse omnis sit vero odio aut.', 'animi', 7918, NULL, '2008-11-17 16:01:16', '2020-05-31 08:49:50');
INSERT INTO `media` (`id`, `media_type_id`, `user_id`, `body`, `filename`, `size`, `metadata`, `created_at`, `updated_at`) VALUES ('76', '3', '75', 'Natus recusandae officiis et corrupti qui tempore. Suscipit ipsum fugiat quo qui sint consequuntur consectetur. Nisi et veniam dolorem ut.', 'dolorem', 6, NULL, '1991-10-21 06:54:16', '2020-05-31 08:49:50');
INSERT INTO `media` (`id`, `media_type_id`, `user_id`, `body`, `filename`, `size`, `metadata`, `created_at`, `updated_at`) VALUES ('77', '2', '9', 'Nisi sed voluptatem non perspiciatis et nihil id. Fugit autem fugit quia id.', 'et', 14418, NULL, '1982-10-25 09:09:45', '2020-05-31 08:49:50');
INSERT INTO `media` (`id`, `media_type_id`, `user_id`, `body`, `filename`, `size`, `metadata`, `created_at`, `updated_at`) VALUES ('78', '7', '56', 'Blanditiis debitis sunt quas aliquam. Soluta asperiores dolores illum non deleniti excepturi et. Vel exercitationem repellendus quod.', 'a', 29586, NULL, '1973-01-26 22:05:33', '2020-05-31 08:49:50');
INSERT INTO `media` (`id`, `media_type_id`, `user_id`, `body`, `filename`, `size`, `metadata`, `created_at`, `updated_at`) VALUES ('79', '5', '66', 'Rerum ex dolor accusantium odio ut recusandae nihil illum. Quos voluptatem vero id nemo et est ut. Et hic maiores ducimus quo nostrum autem. Commodi officia cupiditate ab hic.', 'eius', 4361366, NULL, '1982-04-09 23:03:20', '2020-05-31 08:49:50');
INSERT INTO `media` (`id`, `media_type_id`, `user_id`, `body`, `filename`, `size`, `metadata`, `created_at`, `updated_at`) VALUES ('80', '8', '2', 'Vero recusandae et labore illum quo. Voluptatem repudiandae aut ad laboriosam ratione. Saepe qui excepturi enim qui unde. Quis temporibus quibusdam dicta. Veniam minima quia debitis excepturi dolore consequatur.', 'saepe', 860314, NULL, '1990-11-05 07:50:25', '2020-05-31 08:49:50');
INSERT INTO `media` (`id`, `media_type_id`, `user_id`, `body`, `filename`, `size`, `metadata`, `created_at`, `updated_at`) VALUES ('81', '9', '61', 'Repellendus nostrum eum amet quia soluta voluptatem id. Tempora at sequi qui eum. Quasi quam illum nisi.', 'at', 9, NULL, '1970-10-23 01:40:50', '2020-05-31 08:49:50');
INSERT INTO `media` (`id`, `media_type_id`, `user_id`, `body`, `filename`, `size`, `metadata`, `created_at`, `updated_at`) VALUES ('82', '1', '83', 'Voluptas quod consectetur qui sit quae harum nihil. Molestiae libero omnis architecto excepturi repellat. Et voluptatem consectetur dolores aut doloremque eum laudantium molestias. Nobis qui rerum totam aut.', 'architecto', 92, NULL, '1997-08-18 08:50:07', '2020-05-31 08:49:50');
INSERT INTO `media` (`id`, `media_type_id`, `user_id`, `body`, `filename`, `size`, `metadata`, `created_at`, `updated_at`) VALUES ('83', '6', '75', 'Dolorem laboriosam doloribus nobis ea inventore. Perferendis magni velit tempore qui et doloremque iste. Hic assumenda sapiente dolore repellendus similique eum. Aut dolorum ab eaque unde aliquam.', 'explicabo', 426177248, NULL, '1972-06-22 16:34:27', '2020-05-31 08:49:50');
INSERT INTO `media` (`id`, `media_type_id`, `user_id`, `body`, `filename`, `size`, `metadata`, `created_at`, `updated_at`) VALUES ('84', '8', '17', 'Consequatur atque a tempora ullam sequi omnis sit. Ut reprehenderit est ipsa.', 'adipisci', 38909, NULL, '1987-06-05 06:24:19', '2020-05-31 08:49:50');
INSERT INTO `media` (`id`, `media_type_id`, `user_id`, `body`, `filename`, `size`, `metadata`, `created_at`, `updated_at`) VALUES ('85', '2', '95', 'Molestiae officia et aut a sit nostrum tempora. Possimus dolorem cum ea eligendi eum quos. Voluptatem qui qui et vel harum eos itaque. Sunt quis autem incidunt sit.', 'est', 59814, NULL, '2019-08-10 23:46:30', '2020-05-31 08:49:50');
INSERT INTO `media` (`id`, `media_type_id`, `user_id`, `body`, `filename`, `size`, `metadata`, `created_at`, `updated_at`) VALUES ('86', '9', '72', 'Aspernatur nobis optio quae voluptatem et eligendi. Eum ad corporis ut. Et et enim voluptas error illo voluptatem sequi.', 'occaecati', 828, NULL, '1986-04-28 21:36:59', '2020-05-31 08:49:50');
INSERT INTO `media` (`id`, `media_type_id`, `user_id`, `body`, `filename`, `size`, `metadata`, `created_at`, `updated_at`) VALUES ('87', '8', '33', 'Neque aut corporis et minus voluptatum rem. Quia minus et et debitis et non repellat explicabo.', 'velit', 691, NULL, '2002-11-11 15:31:23', '2020-05-31 08:49:50');
INSERT INTO `media` (`id`, `media_type_id`, `user_id`, `body`, `filename`, `size`, `metadata`, `created_at`, `updated_at`) VALUES ('88', '4', '76', 'Earum ipsam possimus neque. Qui molestiae enim autem dolorum quidem. Quaerat explicabo sint optio quia molestias fuga soluta. Id asperiores omnis in enim.', 'velit', 3, NULL, '1975-03-31 08:12:45', '2020-05-31 08:49:50');
INSERT INTO `media` (`id`, `media_type_id`, `user_id`, `body`, `filename`, `size`, `metadata`, `created_at`, `updated_at`) VALUES ('89', '3', '55', 'Assumenda dolores voluptatum amet maxime optio quia. Magnam aut neque maxime odio aliquid perspiciatis. Et amet veniam tenetur omnis.', 'exercitationem', 4938560, NULL, '2012-05-05 23:46:46', '2020-05-31 08:49:50');
INSERT INTO `media` (`id`, `media_type_id`, `user_id`, `body`, `filename`, `size`, `metadata`, `created_at`, `updated_at`) VALUES ('90', '1', '27', 'Beatae adipisci minus nisi doloremque velit. Ipsam mollitia incidunt nam ipsum. Perferendis architecto cum nemo eum aut ea. Aspernatur architecto eum culpa recusandae eius et.', 'doloribus', 7, NULL, '2018-01-09 10:14:41', '2020-05-31 08:49:50');
INSERT INTO `media` (`id`, `media_type_id`, `user_id`, `body`, `filename`, `size`, `metadata`, `created_at`, `updated_at`) VALUES ('91', '5', '35', 'Corporis illum nam similique sed sed occaecati. Commodi excepturi expedita debitis consequatur cupiditate illo. Soluta quas aperiam quo. Sit a dolores quis. In consequuntur aut asperiores voluptatem voluptatem temporibus.', 'et', 65630855, NULL, '1995-01-31 09:05:03', '2020-05-31 08:49:50');
INSERT INTO `media` (`id`, `media_type_id`, `user_id`, `body`, `filename`, `size`, `metadata`, `created_at`, `updated_at`) VALUES ('92', '1', '56', 'Quia impedit fugit esse odit consequatur aut. Commodi reprehenderit quaerat sunt quisquam. Incidunt ut atque et.', 'autem', 69341, NULL, '1997-06-13 06:15:15', '2020-05-31 08:49:50');
INSERT INTO `media` (`id`, `media_type_id`, `user_id`, `body`, `filename`, `size`, `metadata`, `created_at`, `updated_at`) VALUES ('93', '5', '64', 'Id esse et maiores voluptas iure. Corporis necessitatibus pariatur corporis quae. Molestiae atque atque labore non. Tempora omnis in quis voluptatem adipisci sed ullam.', 'ducimus', 45, NULL, '1993-05-11 18:33:47', '2020-05-31 08:49:50');
INSERT INTO `media` (`id`, `media_type_id`, `user_id`, `body`, `filename`, `size`, `metadata`, `created_at`, `updated_at`) VALUES ('94', '2', '86', 'Eius tempora facilis tempora. Sit laudantium sint maiores possimus veritatis quos omnis. Est a quia aut iure enim sed aut iste.', 'sit', 491496618, NULL, '2017-05-13 08:07:27', '2020-05-31 08:49:50');
INSERT INTO `media` (`id`, `media_type_id`, `user_id`, `body`, `filename`, `size`, `metadata`, `created_at`, `updated_at`) VALUES ('95', '3', '86', 'Sit quae repellendus et error est minima provident. Aspernatur nam reiciendis quis optio omnis qui sed. Voluptas accusamus et iure in velit molestiae voluptas consectetur. Nulla exercitationem magni rerum soluta.', 'aut', 851996994, NULL, '1992-02-05 20:02:46', '2020-05-31 08:49:50');
INSERT INTO `media` (`id`, `media_type_id`, `user_id`, `body`, `filename`, `size`, `metadata`, `created_at`, `updated_at`) VALUES ('96', '9', '19', 'Non quidem exercitationem aspernatur eos vitae ipsa esse. Est voluptas corrupti mollitia. Reprehenderit ducimus omnis eveniet eum doloremque officiis porro. Accusantium eveniet sed dolor est aut.', 'exercitationem', 0, NULL, '1975-05-10 03:19:34', '2020-05-31 08:49:50');
INSERT INTO `media` (`id`, `media_type_id`, `user_id`, `body`, `filename`, `size`, `metadata`, `created_at`, `updated_at`) VALUES ('97', '5', '97', 'Cumque qui eum et omnis hic est dolores tenetur. Omnis reprehenderit quas in placeat optio expedita. Maiores in ipsum dolorem dolorem a aliquam repellendus et. Ratione voluptates minus in nisi.', 'dicta', 19, NULL, '2009-03-24 08:02:51', '2020-05-31 08:49:50');
INSERT INTO `media` (`id`, `media_type_id`, `user_id`, `body`, `filename`, `size`, `metadata`, `created_at`, `updated_at`) VALUES ('98', '1', '6', 'Voluptas itaque et quisquam dolorem aliquid. Facilis sit hic quisquam similique eos veniam sint. Qui neque nostrum qui asperiores esse. Excepturi architecto aut sequi aut explicabo. Omnis adipisci necessitatibus sed quasi ullam porro.', 'possimus', 63, NULL, '1977-04-27 01:06:53', '2020-05-31 08:49:50');
INSERT INTO `media` (`id`, `media_type_id`, `user_id`, `body`, `filename`, `size`, `metadata`, `created_at`, `updated_at`) VALUES ('99', '8', '79', 'Occaecati iste incidunt sint pariatur omnis. Quisquam sed exercitationem sed dignissimos ipsa beatae facere. Sed velit labore ex laudantium cupiditate qui nobis. Quos facilis dolorem accusamus enim. Adipisci quia earum et.', 'qui', 8, NULL, '2009-07-04 16:03:25', '2020-05-31 08:49:50');
INSERT INTO `media` (`id`, `media_type_id`, `user_id`, `body`, `filename`, `size`, `metadata`, `created_at`, `updated_at`) VALUES ('100', '3', '85', 'Sit in ab commodi dignissimos. Velit id voluptatem necessitatibus et aut aut. Ipsum optio delectus amet aliquam nam maxime. Ut et a dolore quia.', 'incidunt', 55, NULL, '2015-09-12 12:22:12', '2020-05-31 08:49:50');


#
# TABLE STRUCTURE FOR: media_types
#

DROP TABLE IF EXISTS `media_types`;

CREATE TABLE `media_types` (
  `id` bigint(20) unsigned NOT NULL AUTO_INCREMENT,
  `name` varchar(255) DEFAULT NULL,
  `created_at` datetime DEFAULT current_timestamp(),
  `updated_at` datetime DEFAULT current_timestamp() ON UPDATE current_timestamp(),
  PRIMARY KEY (`id`),
  UNIQUE KEY `id` (`id`)
) ENGINE=InnoDB AUTO_INCREMENT=11 DEFAULT CHARSET=latin1;

INSERT INTO `media_types` (`id`, `name`, `created_at`, `updated_at`) VALUES ('1', 'error', '1982-07-09 06:50:59', '2020-05-31 08:49:07');
INSERT INTO `media_types` (`id`, `name`, `created_at`, `updated_at`) VALUES ('2', 'consequuntur', '1977-07-20 21:12:07', '2020-05-31 08:49:07');
INSERT INTO `media_types` (`id`, `name`, `created_at`, `updated_at`) VALUES ('3', 'cumque', '2011-09-01 23:37:24', '2020-05-31 08:49:07');
INSERT INTO `media_types` (`id`, `name`, `created_at`, `updated_at`) VALUES ('4', 'ea', '1980-03-11 20:25:58', '2020-05-31 08:49:07');
INSERT INTO `media_types` (`id`, `name`, `created_at`, `updated_at`) VALUES ('5', 'ipsum', '2014-08-13 08:40:34', '2020-05-31 08:49:07');
INSERT INTO `media_types` (`id`, `name`, `created_at`, `updated_at`) VALUES ('6', 'beatae', '1986-12-26 22:08:25', '2020-05-31 08:49:07');
INSERT INTO `media_types` (`id`, `name`, `created_at`, `updated_at`) VALUES ('7', 'et', '1980-01-08 23:08:08', '2020-05-31 08:49:07');
INSERT INTO `media_types` (`id`, `name`, `created_at`, `updated_at`) VALUES ('8', 'aut', '2005-12-03 00:14:37', '2020-05-31 08:49:07');
INSERT INTO `media_types` (`id`, `name`, `created_at`, `updated_at`) VALUES ('9', 'laborum', '1988-01-07 00:45:06', '2020-05-31 08:49:07');
INSERT INTO `media_types` (`id`, `name`, `created_at`, `updated_at`) VALUES ('10', 'natus', '1976-03-17 00:52:06', '2020-05-31 08:49:07');


#
# TABLE STRUCTURE FOR: messages
#

DROP TABLE IF EXISTS `messages`;

CREATE TABLE `messages` (
  `id` bigint(20) unsigned NOT NULL AUTO_INCREMENT,
  `from_user_id` bigint(20) unsigned NOT NULL,
  `to_user_id` bigint(20) unsigned NOT NULL,
  `body` text DEFAULT NULL,
  `created_at` datetime DEFAULT current_timestamp(),
  PRIMARY KEY (`id`),
  UNIQUE KEY `id` (`id`),
  KEY `messages_from_user_id` (`from_user_id`),
  KEY `messages_to_user_id` (`to_user_id`),
  CONSTRAINT `messages_ibfk_1` FOREIGN KEY (`from_user_id`) REFERENCES `users` (`id`),
  CONSTRAINT `messages_ibfk_2` FOREIGN KEY (`to_user_id`) REFERENCES `users` (`id`)
) ENGINE=InnoDB AUTO_INCREMENT=101 DEFAULT CHARSET=latin1;

INSERT INTO `messages` (`id`, `from_user_id`, `to_user_id`, `body`, `created_at`) VALUES ('1', '9', '8', 'Autem magnam porro rerum et ut distinctio veritatis. Delectus quas temporibus recusandae in. Ullam qui sed numquam totam quaerat ea.', '2014-06-25 00:42:32');
INSERT INTO `messages` (`id`, `from_user_id`, `to_user_id`, `body`, `created_at`) VALUES ('2', '53', '71', 'Quos veritatis mollitia voluptas enim quaerat ut quae cumque. Repellat molestias ut quasi atque sed id. Id tenetur libero commodi id aut quia.', '2003-06-26 00:20:49');
INSERT INTO `messages` (`id`, `from_user_id`, `to_user_id`, `body`, `created_at`) VALUES ('3', '3', '16', 'Culpa velit ut rem ea. Reiciendis totam eos aut ut distinctio voluptas harum voluptas. Qui inventore animi sunt recusandae. Et provident in autem est et quisquam id.', '1977-11-20 18:49:09');
INSERT INTO `messages` (`id`, `from_user_id`, `to_user_id`, `body`, `created_at`) VALUES ('4', '20', '82', 'Labore beatae eos voluptas impedit dolorem. Libero earum ea fugit iure libero. Voluptatibus nulla temporibus quia voluptatem et exercitationem.', '2012-07-20 09:24:51');
INSERT INTO `messages` (`id`, `from_user_id`, `to_user_id`, `body`, `created_at`) VALUES ('5', '64', '31', 'Architecto quia consequatur voluptas qui fuga praesentium. Eos et eius repellendus quibusdam non laborum. Quaerat eius necessitatibus sequi nulla aperiam iure nobis. Consequatur dolores repellendus fuga esse ratione asperiores ea.', '2002-05-16 21:52:55');
INSERT INTO `messages` (`id`, `from_user_id`, `to_user_id`, `body`, `created_at`) VALUES ('6', '99', '98', 'Quas illo eum explicabo laudantium voluptas iste. Aut autem sit quas totam tenetur molestias odio. Ex non veritatis voluptas possimus ipsam est rerum.', '2010-12-02 15:17:12');
INSERT INTO `messages` (`id`, `from_user_id`, `to_user_id`, `body`, `created_at`) VALUES ('7', '8', '21', 'Voluptate necessitatibus iure in sunt voluptate aperiam voluptas. Nostrum doloremque et voluptas cum ex et eum. Dolorum quos nam vel aliquid. Perferendis ex soluta in delectus officiis est nam.', '2015-07-04 15:29:15');
INSERT INTO `messages` (`id`, `from_user_id`, `to_user_id`, `body`, `created_at`) VALUES ('8', '99', '81', 'Non enim aut aliquid libero ut nihil. Delectus accusantium et est asperiores. Possimus vel porro illo porro architecto ab error.', '1981-12-20 02:57:48');
INSERT INTO `messages` (`id`, `from_user_id`, `to_user_id`, `body`, `created_at`) VALUES ('9', '89', '94', 'Neque facilis cumque ut adipisci. Explicabo fugiat optio esse quisquam odit. Asperiores nihil minima voluptatem aspernatur.', '2012-04-24 11:11:52');
INSERT INTO `messages` (`id`, `from_user_id`, `to_user_id`, `body`, `created_at`) VALUES ('10', '24', '21', 'Sunt nihil ad dolores doloremque perspiciatis. Ad mollitia aspernatur rerum repellat sed. Eveniet atque porro iusto veniam neque maiores voluptas.', '1982-02-12 23:18:26');
INSERT INTO `messages` (`id`, `from_user_id`, `to_user_id`, `body`, `created_at`) VALUES ('11', '13', '55', 'Magni eligendi voluptate illo ut aut. Fuga dignissimos distinctio unde dolores quia odio. Porro et officiis corrupti dolor vel.', '1987-03-16 14:03:01');
INSERT INTO `messages` (`id`, `from_user_id`, `to_user_id`, `body`, `created_at`) VALUES ('12', '50', '37', 'Aut voluptate magnam aut quas nihil voluptatum dolorem et. Sit pariatur aut voluptatem incidunt atque provident et. Recusandae similique occaecati quisquam nobis cumque. Eaque aut voluptatem sed rerum rerum harum voluptatem et. Qui excepturi commodi id sint.', '1985-04-11 18:18:04');
INSERT INTO `messages` (`id`, `from_user_id`, `to_user_id`, `body`, `created_at`) VALUES ('13', '66', '17', 'Necessitatibus repellat eos occaecati voluptatem. In illo perspiciatis fuga provident.', '1989-12-09 18:09:30');
INSERT INTO `messages` (`id`, `from_user_id`, `to_user_id`, `body`, `created_at`) VALUES ('14', '63', '37', 'Veniam nobis non nisi saepe nobis qui et. Dolorem ea numquam ab harum. Sunt excepturi impedit nemo et velit dolores.', '2009-02-19 00:01:36');
INSERT INTO `messages` (`id`, `from_user_id`, `to_user_id`, `body`, `created_at`) VALUES ('15', '97', '91', 'Magnam harum expedita corrupti mollitia labore vel similique. Sed et eum esse et. Maiores soluta vero aliquid dolore voluptates doloribus.', '1992-10-02 06:13:23');
INSERT INTO `messages` (`id`, `from_user_id`, `to_user_id`, `body`, `created_at`) VALUES ('16', '49', '6', 'Asperiores iste et recusandae ex delectus perferendis odit. Voluptas ullam quia unde fuga impedit enim. Eos rerum fugit asperiores et distinctio quos recusandae. Animi sint et enim occaecati magnam in laudantium.', '1976-04-24 01:49:21');
INSERT INTO `messages` (`id`, `from_user_id`, `to_user_id`, `body`, `created_at`) VALUES ('17', '99', '1', 'Asperiores reiciendis at est eum corporis doloremque nemo. Tempora id vel velit quis. Harum et et tempora tempore.', '2004-01-13 23:36:08');
INSERT INTO `messages` (`id`, `from_user_id`, `to_user_id`, `body`, `created_at`) VALUES ('18', '77', '1', 'Laborum illum ad ipsa molestiae minima sint rerum. Quasi eligendi aut aut laborum ut tempore et. Ipsa iure aut ullam quaerat dolor.', '1990-04-11 01:42:22');
INSERT INTO `messages` (`id`, `from_user_id`, `to_user_id`, `body`, `created_at`) VALUES ('19', '16', '96', 'Natus in qui hic qui. Ab velit qui architecto officiis pariatur et. Soluta eum rerum commodi aut at ea expedita qui.', '2002-10-30 05:29:23');
INSERT INTO `messages` (`id`, `from_user_id`, `to_user_id`, `body`, `created_at`) VALUES ('20', '83', '80', 'Non sed qui fugit recusandae enim consequuntur quo. Praesentium cumque quia non facere qui dolores. Molestiae est at minus rerum temporibus magnam.', '1997-06-30 12:02:57');
INSERT INTO `messages` (`id`, `from_user_id`, `to_user_id`, `body`, `created_at`) VALUES ('21', '26', '81', 'Et dicta suscipit repudiandae quod aut ipsum perferendis et. Magnam eveniet amet omnis. Sunt ab optio sequi accusamus ad vero quis.', '1982-12-19 22:01:51');
INSERT INTO `messages` (`id`, `from_user_id`, `to_user_id`, `body`, `created_at`) VALUES ('22', '77', '34', 'Sit perferendis quia fugiat dolor earum accusantium alias. Officiis modi officiis expedita qui dolores tenetur. Quidem ut delectus aliquid.', '1995-02-16 15:46:09');
INSERT INTO `messages` (`id`, `from_user_id`, `to_user_id`, `body`, `created_at`) VALUES ('23', '2', '75', 'Quo eos itaque nostrum deserunt cupiditate. Et et provident consequatur rerum enim omnis molestiae quaerat. Voluptates autem nam fugit unde nam et et.', '2001-07-12 15:43:57');
INSERT INTO `messages` (`id`, `from_user_id`, `to_user_id`, `body`, `created_at`) VALUES ('24', '14', '90', 'Possimus voluptatem quos sequi quo molestias laboriosam. Deserunt qui sapiente debitis similique placeat unde. Beatae odio quia deserunt.', '2014-05-31 11:05:17');
INSERT INTO `messages` (`id`, `from_user_id`, `to_user_id`, `body`, `created_at`) VALUES ('25', '69', '38', 'Pariatur voluptatem sequi facere molestiae. Omnis eligendi veritatis sit autem ea sint ullam. Vero error corrupti ut et.', '2011-07-30 02:07:52');
INSERT INTO `messages` (`id`, `from_user_id`, `to_user_id`, `body`, `created_at`) VALUES ('26', '11', '82', 'Esse molestias itaque occaecati dolor vitae voluptates. Beatae repellendus beatae dolorem iusto et voluptas quo.', '1972-01-19 10:33:55');
INSERT INTO `messages` (`id`, `from_user_id`, `to_user_id`, `body`, `created_at`) VALUES ('27', '92', '61', 'Sed error numquam sint molestiae. A est non soluta. Quisquam praesentium modi delectus molestiae quia voluptates. Unde asperiores autem sapiente voluptatem.', '2007-03-14 00:18:06');
INSERT INTO `messages` (`id`, `from_user_id`, `to_user_id`, `body`, `created_at`) VALUES ('28', '18', '58', 'Autem excepturi sed rem facere ut autem quisquam. Qui aliquam corporis molestiae quas. Et et voluptates soluta. Voluptas ut deleniti cum dicta repudiandae incidunt dolorem. Incidunt rem sunt quae accusantium dolorem voluptatum excepturi.', '1973-02-06 01:17:23');
INSERT INTO `messages` (`id`, `from_user_id`, `to_user_id`, `body`, `created_at`) VALUES ('29', '77', '81', 'Unde dolore quam dicta aliquam rerum quos voluptas qui. Excepturi sunt autem recusandae et doloribus. Velit ab quos sit quos quos est aperiam.', '1974-01-02 20:14:59');
INSERT INTO `messages` (`id`, `from_user_id`, `to_user_id`, `body`, `created_at`) VALUES ('30', '95', '74', 'Voluptas ea nesciunt quisquam eligendi consequuntur. Accusantium minus ipsa quas enim officiis. Et quae quia ut harum.', '2008-09-23 01:39:11');
INSERT INTO `messages` (`id`, `from_user_id`, `to_user_id`, `body`, `created_at`) VALUES ('31', '72', '43', 'Officia et occaecati dolorem officia exercitationem libero voluptas. Est earum labore sed autem molestiae et cumque. Dolor veniam quibusdam modi.', '2016-09-06 11:54:46');
INSERT INTO `messages` (`id`, `from_user_id`, `to_user_id`, `body`, `created_at`) VALUES ('32', '79', '70', 'Officia in consequatur in vel. Sint quibusdam delectus ad porro eius. Modi et sit quia esse. Beatae vel voluptatem et quibusdam dolorem.', '2000-10-02 01:26:32');
INSERT INTO `messages` (`id`, `from_user_id`, `to_user_id`, `body`, `created_at`) VALUES ('33', '43', '55', 'Repellat sed sint sunt et sed. Saepe enim mollitia recusandae quia ut.', '2019-10-18 00:57:26');
INSERT INTO `messages` (`id`, `from_user_id`, `to_user_id`, `body`, `created_at`) VALUES ('34', '70', '59', 'Accusamus blanditiis dolor et id nostrum et quasi. Soluta minus quia beatae dicta error. Doloribus molestiae sit voluptas non dolorum perspiciatis quo consequuntur.', '2008-07-14 02:28:15');
INSERT INTO `messages` (`id`, `from_user_id`, `to_user_id`, `body`, `created_at`) VALUES ('35', '51', '53', 'Ullam aut est voluptatum repellendus labore. Facilis dolorem neque deserunt quidem eveniet blanditiis eum. Odit error aut porro in dolor aperiam.', '2004-05-08 09:28:22');
INSERT INTO `messages` (`id`, `from_user_id`, `to_user_id`, `body`, `created_at`) VALUES ('36', '39', '76', 'Earum aspernatur laudantium fugiat in perspiciatis. Repellendus et debitis consectetur delectus et. Nesciunt et non minus atque quis consequatur.', '1999-02-12 02:39:53');
INSERT INTO `messages` (`id`, `from_user_id`, `to_user_id`, `body`, `created_at`) VALUES ('37', '33', '15', 'Provident autem error est ratione aut quos. Aut reprehenderit molestias repudiandae corrupti error autem. Repellat dolor velit possimus aut et. Eum ratione deleniti ullam non natus aut explicabo.', '1984-12-08 23:14:35');
INSERT INTO `messages` (`id`, `from_user_id`, `to_user_id`, `body`, `created_at`) VALUES ('38', '9', '35', 'Ut id eum dolore eveniet nobis est dolorum fugit. Eius recusandae magnam est. Numquam nesciunt est ipsa nostrum laudantium totam.', '1974-04-22 04:36:04');
INSERT INTO `messages` (`id`, `from_user_id`, `to_user_id`, `body`, `created_at`) VALUES ('39', '90', '23', 'Numquam dolorum excepturi optio illo placeat expedita est aspernatur. Qui et at nam. Et voluptatem dolorem quia recusandae ut. Ab quos corrupti voluptatum est.', '1995-09-12 03:27:03');
INSERT INTO `messages` (`id`, `from_user_id`, `to_user_id`, `body`, `created_at`) VALUES ('40', '25', '58', 'Animi sequi delectus error repellat sit aliquam. Et est dolores assumenda atque qui et in inventore. Illo recusandae fugiat dicta.', '2005-10-27 04:48:22');
INSERT INTO `messages` (`id`, `from_user_id`, `to_user_id`, `body`, `created_at`) VALUES ('41', '61', '35', 'Placeat dolor debitis et in qui. Laborum et esse laudantium nulla. Non vel aperiam ut eos recusandae blanditiis.', '1975-05-09 12:45:05');
INSERT INTO `messages` (`id`, `from_user_id`, `to_user_id`, `body`, `created_at`) VALUES ('42', '39', '53', 'Et molestiae est impedit aliquam dolores ipsam. Molestiae eos ut fugiat accusantium. Modi dolore mollitia distinctio quia dolorum ut unde.', '1997-10-28 17:42:58');
INSERT INTO `messages` (`id`, `from_user_id`, `to_user_id`, `body`, `created_at`) VALUES ('43', '96', '57', 'Vel temporibus sed asperiores itaque tenetur et quas. Quia similique eos quia suscipit quibusdam facere. Magnam repellat velit nihil recusandae aut sint repudiandae voluptate. Et quod temporibus recusandae enim.', '1984-01-15 20:42:54');
INSERT INTO `messages` (`id`, `from_user_id`, `to_user_id`, `body`, `created_at`) VALUES ('44', '10', '72', 'Odio voluptate et sed nihil dolores maxime dolore iste. Dolores error neque ipsum laborum iure quo distinctio est.', '2008-04-06 07:02:52');
INSERT INTO `messages` (`id`, `from_user_id`, `to_user_id`, `body`, `created_at`) VALUES ('45', '37', '5', 'Distinctio et neque delectus et ea. Fugiat sed nobis delectus voluptatem. Voluptatibus eius aut aperiam perspiciatis eum ut eum. Numquam dignissimos laborum eveniet.', '1992-05-14 15:00:38');
INSERT INTO `messages` (`id`, `from_user_id`, `to_user_id`, `body`, `created_at`) VALUES ('46', '46', '8', 'Maiores suscipit voluptatum iste possimus blanditiis ut sit. Similique sed unde sed consequatur sunt impedit. Perferendis labore ab dolor sint tempora sunt excepturi.', '2009-12-15 07:31:06');
INSERT INTO `messages` (`id`, `from_user_id`, `to_user_id`, `body`, `created_at`) VALUES ('47', '47', '24', 'Id suscipit exercitationem aspernatur dicta in. Quia et sunt placeat maxime nihil eos rerum. Accusantium molestiae quo nihil sunt a minus. Fugit et accusamus numquam rem dolorem excepturi ullam. Est quae quasi ex qui.', '1983-02-11 12:51:29');
INSERT INTO `messages` (`id`, `from_user_id`, `to_user_id`, `body`, `created_at`) VALUES ('48', '77', '90', 'Fugit beatae soluta voluptate blanditiis iure asperiores. Expedita dolorem totam qui dolorem aliquid culpa suscipit.', '1979-03-14 02:47:54');
INSERT INTO `messages` (`id`, `from_user_id`, `to_user_id`, `body`, `created_at`) VALUES ('49', '79', '47', 'Et eligendi repudiandae est aliquam. Rem iure dolore eos hic. Vero consequatur autem provident nostrum odit et.', '2011-06-05 15:21:04');
INSERT INTO `messages` (`id`, `from_user_id`, `to_user_id`, `body`, `created_at`) VALUES ('50', '49', '29', 'Optio dolorem cum qui impedit quod sed iure. Quia consequatur quia eos quis possimus maxime ipsam. Et ut nihil eos maiores ducimus non et in. Illum consequatur tenetur harum voluptatem illo qui voluptas.', '1984-03-16 20:30:32');
INSERT INTO `messages` (`id`, `from_user_id`, `to_user_id`, `body`, `created_at`) VALUES ('51', '99', '87', 'Illum facilis accusamus quasi ex. Itaque est eos error. Quasi qui at placeat accusamus voluptatem quia consequatur culpa. Explicabo et aut sed fugit. Quis omnis quis aperiam maxime voluptas.', '1972-06-04 01:08:00');
INSERT INTO `messages` (`id`, `from_user_id`, `to_user_id`, `body`, `created_at`) VALUES ('52', '5', '32', 'Eius repudiandae doloribus perferendis eligendi cumque. Id maiores repellendus voluptatum natus libero.', '2020-04-07 20:07:40');
INSERT INTO `messages` (`id`, `from_user_id`, `to_user_id`, `body`, `created_at`) VALUES ('53', '2', '14', 'Ut qui adipisci doloribus esse. Architecto est rerum aspernatur.', '1993-06-22 05:01:08');
INSERT INTO `messages` (`id`, `from_user_id`, `to_user_id`, `body`, `created_at`) VALUES ('54', '67', '91', 'Eius cum illum repellendus incidunt quis molestiae. Est dolorem sit ullam ut culpa repudiandae neque.', '1975-09-20 04:13:41');
INSERT INTO `messages` (`id`, `from_user_id`, `to_user_id`, `body`, `created_at`) VALUES ('55', '37', '91', 'Qui ut quo et sed. Velit officia necessitatibus aut consequatur aut. Et aut ut numquam distinctio labore architecto quibusdam perspiciatis.', '1988-06-21 09:58:41');
INSERT INTO `messages` (`id`, `from_user_id`, `to_user_id`, `body`, `created_at`) VALUES ('56', '49', '97', 'In ducimus quia dolorum voluptas numquam consequatur. Sit deleniti aspernatur culpa est eius quia. Eius laborum in est occaecati provident praesentium voluptatem. Excepturi consectetur hic rerum totam occaecati.', '2008-08-04 19:23:26');
INSERT INTO `messages` (`id`, `from_user_id`, `to_user_id`, `body`, `created_at`) VALUES ('57', '26', '87', 'Alias quidem ab corrupti molestiae rerum. Tempore enim neque facere ad. Autem rerum voluptatem et quaerat.', '1988-09-27 05:21:40');
INSERT INTO `messages` (`id`, `from_user_id`, `to_user_id`, `body`, `created_at`) VALUES ('58', '49', '21', 'At cum excepturi cum dolorem dolores ducimus. Ut praesentium autem est eum a repellendus. Id non in incidunt.', '1972-10-04 22:58:49');
INSERT INTO `messages` (`id`, `from_user_id`, `to_user_id`, `body`, `created_at`) VALUES ('59', '44', '59', 'Similique sit amet et deleniti impedit recusandae modi. Suscipit doloribus quasi voluptas at unde aut perspiciatis. Placeat quo et dolor consectetur molestiae labore itaque. Tempore et impedit cumque sit ipsa.', '2014-10-16 07:18:12');
INSERT INTO `messages` (`id`, `from_user_id`, `to_user_id`, `body`, `created_at`) VALUES ('60', '93', '81', 'Est architecto sit dolor quidem temporibus. Fuga quasi et illum blanditiis non adipisci soluta ut. At et libero sapiente quae aliquam dolorum quaerat. Distinctio eligendi aut libero beatae.', '2007-05-20 13:37:31');
INSERT INTO `messages` (`id`, `from_user_id`, `to_user_id`, `body`, `created_at`) VALUES ('61', '63', '38', 'Et autem corrupti est suscipit. Ea deleniti ipsum ipsum ab velit eum eos. Est nesciunt vel est.', '1982-09-07 08:01:01');
INSERT INTO `messages` (`id`, `from_user_id`, `to_user_id`, `body`, `created_at`) VALUES ('62', '88', '10', 'Voluptatem ipsam alias voluptate ab inventore ea illum. Repellat adipisci eum et. Minima facilis quis ratione tenetur est deleniti est.', '2013-08-19 16:05:30');
INSERT INTO `messages` (`id`, `from_user_id`, `to_user_id`, `body`, `created_at`) VALUES ('63', '61', '65', 'Ut sit qui nisi laboriosam sunt ut quia. Illo cumque quas eos ducimus voluptatem amet. Autem est animi modi aperiam et. Perspiciatis nostrum ab repellendus aut ab quia.', '1978-11-15 18:59:06');
INSERT INTO `messages` (`id`, `from_user_id`, `to_user_id`, `body`, `created_at`) VALUES ('64', '99', '40', 'Non officiis dolorem inventore at. Sit dolor cumque a voluptas.', '2005-09-24 22:57:36');
INSERT INTO `messages` (`id`, `from_user_id`, `to_user_id`, `body`, `created_at`) VALUES ('65', '12', '48', 'Nesciunt beatae amet ut incidunt. Deserunt eaque voluptas praesentium error neque in ut et. Et ab vel repellendus voluptatem.', '2010-11-22 11:02:24');
INSERT INTO `messages` (`id`, `from_user_id`, `to_user_id`, `body`, `created_at`) VALUES ('66', '68', '11', 'Consectetur rerum voluptatem hic rerum temporibus facilis inventore. Illo consequuntur nesciunt qui sed quia deserunt. Ipsum consequatur eligendi assumenda nobis quaerat.', '2018-03-02 00:33:15');
INSERT INTO `messages` (`id`, `from_user_id`, `to_user_id`, `body`, `created_at`) VALUES ('67', '34', '73', 'Et et quis laboriosam nobis rem. Aut voluptatem aspernatur est. Ipsam vel natus nam nihil qui inventore rerum.', '1992-02-28 19:20:08');
INSERT INTO `messages` (`id`, `from_user_id`, `to_user_id`, `body`, `created_at`) VALUES ('68', '43', '35', 'Reprehenderit enim nobis corporis laborum autem velit at. A cumque eos perferendis animi eos harum nisi. Aut ad exercitationem debitis. Saepe dolorem exercitationem voluptas qui corporis dolores nulla itaque.', '1987-09-27 07:48:35');
INSERT INTO `messages` (`id`, `from_user_id`, `to_user_id`, `body`, `created_at`) VALUES ('69', '86', '9', 'Natus sint et pariatur aliquam. Facilis repellendus ut inventore est at non qui. Nemo iste aperiam modi id aut.', '1986-12-02 04:35:04');
INSERT INTO `messages` (`id`, `from_user_id`, `to_user_id`, `body`, `created_at`) VALUES ('70', '26', '22', 'Iste recusandae dolores aut. Architecto quis aliquid voluptatum provident in sit ipsa aut.', '2017-08-29 22:17:42');
INSERT INTO `messages` (`id`, `from_user_id`, `to_user_id`, `body`, `created_at`) VALUES ('71', '99', '74', 'Aut consequuntur sed ipsa non rerum voluptatem minus. Magnam nisi aut repellendus error autem ullam. Voluptas debitis autem aut.', '1975-11-13 01:18:27');
INSERT INTO `messages` (`id`, `from_user_id`, `to_user_id`, `body`, `created_at`) VALUES ('72', '19', '24', 'Qui ut explicabo exercitationem ut amet eos voluptates. Aliquam vel reiciendis ut id fugiat ex. Consequatur impedit sunt sunt vel vel atque. Cupiditate aliquam qui aperiam dolores hic dignissimos repudiandae.', '1994-04-23 11:06:42');
INSERT INTO `messages` (`id`, `from_user_id`, `to_user_id`, `body`, `created_at`) VALUES ('73', '61', '67', 'Ut sit deserunt qui voluptatem in. Debitis doloribus adipisci quam aperiam. Qui molestiae aut assumenda fugiat est doloribus ut sunt. Iure sit blanditiis quos laborum dignissimos.', '1988-11-19 00:58:38');
INSERT INTO `messages` (`id`, `from_user_id`, `to_user_id`, `body`, `created_at`) VALUES ('74', '45', '4', 'Mollitia vitae sunt optio aut tempore delectus consequatur. Nisi tempora nam fugit quis eveniet voluptatem fugiat.', '1986-05-24 13:53:35');
INSERT INTO `messages` (`id`, `from_user_id`, `to_user_id`, `body`, `created_at`) VALUES ('75', '26', '37', 'Vero quia perferendis similique necessitatibus possimus. Sequi ratione suscipit error nulla assumenda et. Doloremque sed maiores in eos odio. Eos officiis et iusto necessitatibus aliquid. Voluptatum commodi error dolorum dolore reprehenderit hic quo vitae.', '1995-02-28 08:19:18');
INSERT INTO `messages` (`id`, `from_user_id`, `to_user_id`, `body`, `created_at`) VALUES ('76', '84', '88', 'Iure doloremque animi dolor voluptatem. Repellat vel non ullam est sapiente alias vel. Quasi perspiciatis amet adipisci a quos aperiam rerum. Unde excepturi recusandae sed id. Voluptatibus alias ab qui numquam incidunt quis quo.', '1980-11-28 14:54:14');
INSERT INTO `messages` (`id`, `from_user_id`, `to_user_id`, `body`, `created_at`) VALUES ('77', '74', '72', 'Laudantium vero modi sed soluta velit aspernatur vero quam. Nam vitae facilis amet amet sint ut consectetur. Dolor maxime dolor eum omnis similique.', '2004-01-20 17:29:18');
INSERT INTO `messages` (`id`, `from_user_id`, `to_user_id`, `body`, `created_at`) VALUES ('78', '98', '35', 'Aut culpa in quos quis aliquam aut. Ut sit aliquam eaque consequatur quos optio. Reiciendis et veniam hic occaecati facilis est hic architecto. Voluptatibus vero mollitia ducimus perspiciatis modi illo. Nam enim illo harum animi ut nihil.', '1999-09-03 22:34:20');
INSERT INTO `messages` (`id`, `from_user_id`, `to_user_id`, `body`, `created_at`) VALUES ('79', '36', '97', 'A dolor vel quisquam ut soluta cupiditate dolores. Omnis aut voluptatem aut et accusantium ipsam vitae. Quaerat est dolores cupiditate libero porro.', '2005-05-04 15:19:49');
INSERT INTO `messages` (`id`, `from_user_id`, `to_user_id`, `body`, `created_at`) VALUES ('80', '74', '48', 'In tenetur maiores distinctio similique. Et et et rem excepturi sed pariatur ut voluptas. Explicabo neque necessitatibus assumenda quia. Incidunt vel at inventore accusantium est quia asperiores omnis.', '1973-06-12 22:34:08');
INSERT INTO `messages` (`id`, `from_user_id`, `to_user_id`, `body`, `created_at`) VALUES ('81', '44', '42', 'Distinctio dignissimos sapiente amet unde quae velit id facilis. Similique consequatur sint neque optio consectetur. Impedit inventore hic sit hic explicabo. Omnis voluptas sapiente repellendus reiciendis quis.', '2018-03-10 09:05:58');
INSERT INTO `messages` (`id`, `from_user_id`, `to_user_id`, `body`, `created_at`) VALUES ('82', '58', '78', 'Eum quod qui reiciendis deserunt aliquid explicabo. Soluta eos velit excepturi laborum et labore. Repudiandae aliquam neque cupiditate enim repellat officia inventore. Accusamus quasi iusto excepturi consequuntur et.', '2012-08-30 02:57:58');
INSERT INTO `messages` (`id`, `from_user_id`, `to_user_id`, `body`, `created_at`) VALUES ('83', '14', '100', 'Et dolore qui vel tenetur qui. Ad voluptatem ducimus illo et harum et ratione non. Quasi eveniet occaecati temporibus doloribus est minus numquam.', '1994-02-27 14:15:14');
INSERT INTO `messages` (`id`, `from_user_id`, `to_user_id`, `body`, `created_at`) VALUES ('84', '12', '100', 'Mollitia est commodi alias in omnis earum fugiat ut. Aspernatur perspiciatis fuga expedita officiis.', '1971-09-10 17:40:27');
INSERT INTO `messages` (`id`, `from_user_id`, `to_user_id`, `body`, `created_at`) VALUES ('85', '8', '38', 'Culpa voluptatum vel alias ex. Illo unde atque laudantium. Eius accusantium vel expedita est eius sed. Consequuntur reprehenderit aliquam voluptatem dolor aspernatur tenetur.', '1986-04-08 21:48:17');
INSERT INTO `messages` (`id`, `from_user_id`, `to_user_id`, `body`, `created_at`) VALUES ('86', '22', '6', 'Ex consequatur voluptate maxime ea dolore sed hic. Error vel et et sunt est. Repudiandae repellendus enim cumque quasi.', '2002-10-02 18:54:40');
INSERT INTO `messages` (`id`, `from_user_id`, `to_user_id`, `body`, `created_at`) VALUES ('87', '11', '40', 'Assumenda debitis rem repellendus quidem. Officiis minima et quasi reprehenderit accusantium qui. Enim cupiditate veniam occaecati dolore nihil ipsam.', '1984-11-11 22:29:21');
INSERT INTO `messages` (`id`, `from_user_id`, `to_user_id`, `body`, `created_at`) VALUES ('88', '30', '71', 'Quo dolorum quis qui laboriosam facere et. Voluptate qui eligendi molestiae veniam quo architecto illo. Asperiores est numquam ea incidunt praesentium. Quo maiores id ut in dicta non consequuntur.', '1980-10-15 16:47:06');
INSERT INTO `messages` (`id`, `from_user_id`, `to_user_id`, `body`, `created_at`) VALUES ('89', '6', '74', 'Consequatur quo occaecati sed ratione aut consequatur vero. Dolores illo amet blanditiis a ullam vitae. A eum fuga accusantium.', '2014-05-10 23:29:44');
INSERT INTO `messages` (`id`, `from_user_id`, `to_user_id`, `body`, `created_at`) VALUES ('90', '75', '32', 'Dolorem explicabo molestiae facere a et. Cupiditate quod totam fuga quidem. Odit veniam deserunt voluptates quos atque molestias.', '1983-09-19 02:39:02');
INSERT INTO `messages` (`id`, `from_user_id`, `to_user_id`, `body`, `created_at`) VALUES ('91', '11', '58', 'Dolores error repellat qui. Veniam doloribus et fugiat minus recusandae est maiores. Facere eum tenetur labore nam et.', '1976-02-06 05:32:22');
INSERT INTO `messages` (`id`, `from_user_id`, `to_user_id`, `body`, `created_at`) VALUES ('92', '20', '84', 'Eos nihil et quidem enim ratione aut ut. Nobis odio ad ipsam optio iure nihil. Quae excepturi fuga et est.', '1988-11-24 07:54:42');
INSERT INTO `messages` (`id`, `from_user_id`, `to_user_id`, `body`, `created_at`) VALUES ('93', '30', '17', 'Perferendis nihil ut omnis dicta. Magni natus consequatur voluptate amet explicabo quo ut. Consequatur sed eum perferendis tenetur veritatis ad culpa. Eum sed dolor maiores harum sapiente ad optio. Qui atque ipsam ut possimus exercitationem natus.', '1984-02-23 01:32:07');
INSERT INTO `messages` (`id`, `from_user_id`, `to_user_id`, `body`, `created_at`) VALUES ('94', '19', '65', 'Aliquam et debitis corporis nesciunt. Quos eius qui et mollitia error itaque sed eveniet. Est reprehenderit eos debitis et qui.', '1996-02-23 04:05:21');
INSERT INTO `messages` (`id`, `from_user_id`, `to_user_id`, `body`, `created_at`) VALUES ('95', '13', '92', 'Facere a nihil architecto consequuntur officia eum commodi expedita. Nulla aperiam tempore deleniti et occaecati. Est praesentium aut sequi eveniet.', '2008-06-15 00:30:01');
INSERT INTO `messages` (`id`, `from_user_id`, `to_user_id`, `body`, `created_at`) VALUES ('96', '12', '57', 'Reprehenderit consequuntur esse eos. Aliquid quis sit enim sit. Eveniet architecto delectus fugit asperiores dolorem magnam. Nesciunt earum nam facilis earum error cumque.', '2012-11-23 20:19:00');
INSERT INTO `messages` (`id`, `from_user_id`, `to_user_id`, `body`, `created_at`) VALUES ('97', '34', '70', 'Est nulla inventore ipsum eos ex neque. Iste voluptatem accusamus ut eligendi illo. Eum molestiae praesentium exercitationem beatae voluptas quia harum.', '1981-02-12 00:43:06');
INSERT INTO `messages` (`id`, `from_user_id`, `to_user_id`, `body`, `created_at`) VALUES ('98', '34', '48', 'Voluptatibus repellat totam ullam illo dignissimos. Ea non esse eius laudantium porro voluptatibus.', '2018-10-02 03:42:29');
INSERT INTO `messages` (`id`, `from_user_id`, `to_user_id`, `body`, `created_at`) VALUES ('99', '69', '46', 'Voluptatem suscipit ea nulla. Ut vitae atque velit at id temporibus. Minus rerum soluta eos.', '2011-03-26 17:10:48');
INSERT INTO `messages` (`id`, `from_user_id`, `to_user_id`, `body`, `created_at`) VALUES ('100', '47', '76', 'Dolor voluptatum aut voluptatem consectetur eum beatae. Aperiam non placeat ullam porro consequuntur rem. Dolorem fuga suscipit non vel eum necessitatibus distinctio optio.', '1980-02-15 23:16:45');


#
# TABLE STRUCTURE FOR: photo_albums
#

DROP TABLE IF EXISTS `photo_albums`;

CREATE TABLE `photo_albums` (
  `id` bigint(20) unsigned NOT NULL AUTO_INCREMENT,
  `name` varchar(255) DEFAULT NULL,
  `user_id` bigint(20) unsigned DEFAULT NULL,
  PRIMARY KEY (`id`),
  UNIQUE KEY `id` (`id`),
  KEY `user_id` (`user_id`),
  CONSTRAINT `photo_albums_ibfk_1` FOREIGN KEY (`user_id`) REFERENCES `users` (`id`)
) ENGINE=InnoDB AUTO_INCREMENT=101 DEFAULT CHARSET=latin1;

INSERT INTO `photo_albums` (`id`, `name`, `user_id`) VALUES ('1', 'ut', '10');
INSERT INTO `photo_albums` (`id`, `name`, `user_id`) VALUES ('2', 'in', '76');
INSERT INTO `photo_albums` (`id`, `name`, `user_id`) VALUES ('3', 'est', '38');
INSERT INTO `photo_albums` (`id`, `name`, `user_id`) VALUES ('4', 'cupiditate', '36');
INSERT INTO `photo_albums` (`id`, `name`, `user_id`) VALUES ('5', 'omnis', '73');
INSERT INTO `photo_albums` (`id`, `name`, `user_id`) VALUES ('6', 'soluta', '13');
INSERT INTO `photo_albums` (`id`, `name`, `user_id`) VALUES ('7', 'odio', '67');
INSERT INTO `photo_albums` (`id`, `name`, `user_id`) VALUES ('8', 'sit', '100');
INSERT INTO `photo_albums` (`id`, `name`, `user_id`) VALUES ('9', 'voluptates', '15');
INSERT INTO `photo_albums` (`id`, `name`, `user_id`) VALUES ('10', 'est', '51');
INSERT INTO `photo_albums` (`id`, `name`, `user_id`) VALUES ('11', 'eum', '96');
INSERT INTO `photo_albums` (`id`, `name`, `user_id`) VALUES ('12', 'officiis', '92');
INSERT INTO `photo_albums` (`id`, `name`, `user_id`) VALUES ('13', 'voluptatem', '18');
INSERT INTO `photo_albums` (`id`, `name`, `user_id`) VALUES ('14', 'iusto', '59');
INSERT INTO `photo_albums` (`id`, `name`, `user_id`) VALUES ('15', 'eos', '99');
INSERT INTO `photo_albums` (`id`, `name`, `user_id`) VALUES ('16', 'est', '54');
INSERT INTO `photo_albums` (`id`, `name`, `user_id`) VALUES ('17', 'maxime', '55');
INSERT INTO `photo_albums` (`id`, `name`, `user_id`) VALUES ('18', 'at', '81');
INSERT INTO `photo_albums` (`id`, `name`, `user_id`) VALUES ('19', 'sed', '14');
INSERT INTO `photo_albums` (`id`, `name`, `user_id`) VALUES ('20', 'nam', '93');
INSERT INTO `photo_albums` (`id`, `name`, `user_id`) VALUES ('21', 'deserunt', '50');
INSERT INTO `photo_albums` (`id`, `name`, `user_id`) VALUES ('22', 'eius', '5');
INSERT INTO `photo_albums` (`id`, `name`, `user_id`) VALUES ('23', 'molestiae', '73');
INSERT INTO `photo_albums` (`id`, `name`, `user_id`) VALUES ('24', 'harum', '67');
INSERT INTO `photo_albums` (`id`, `name`, `user_id`) VALUES ('25', 'voluptas', '62');
INSERT INTO `photo_albums` (`id`, `name`, `user_id`) VALUES ('26', 'corporis', '38');
INSERT INTO `photo_albums` (`id`, `name`, `user_id`) VALUES ('27', 'consequuntur', '90');
INSERT INTO `photo_albums` (`id`, `name`, `user_id`) VALUES ('28', 'doloribus', '98');
INSERT INTO `photo_albums` (`id`, `name`, `user_id`) VALUES ('29', 'distinctio', '23');
INSERT INTO `photo_albums` (`id`, `name`, `user_id`) VALUES ('30', 'consectetur', '88');
INSERT INTO `photo_albums` (`id`, `name`, `user_id`) VALUES ('31', 'possimus', '84');
INSERT INTO `photo_albums` (`id`, `name`, `user_id`) VALUES ('32', 'nesciunt', '32');
INSERT INTO `photo_albums` (`id`, `name`, `user_id`) VALUES ('33', 'illo', '64');
INSERT INTO `photo_albums` (`id`, `name`, `user_id`) VALUES ('34', 'quaerat', '22');
INSERT INTO `photo_albums` (`id`, `name`, `user_id`) VALUES ('35', 'voluptatibus', '68');
INSERT INTO `photo_albums` (`id`, `name`, `user_id`) VALUES ('36', 'sapiente', '36');
INSERT INTO `photo_albums` (`id`, `name`, `user_id`) VALUES ('37', 'libero', '34');
INSERT INTO `photo_albums` (`id`, `name`, `user_id`) VALUES ('38', 'nisi', '35');
INSERT INTO `photo_albums` (`id`, `name`, `user_id`) VALUES ('39', 'magnam', '35');
INSERT INTO `photo_albums` (`id`, `name`, `user_id`) VALUES ('40', 'dolor', '49');
INSERT INTO `photo_albums` (`id`, `name`, `user_id`) VALUES ('41', 'labore', '85');
INSERT INTO `photo_albums` (`id`, `name`, `user_id`) VALUES ('42', 'autem', '31');
INSERT INTO `photo_albums` (`id`, `name`, `user_id`) VALUES ('43', 'omnis', '41');
INSERT INTO `photo_albums` (`id`, `name`, `user_id`) VALUES ('44', 'quia', '3');
INSERT INTO `photo_albums` (`id`, `name`, `user_id`) VALUES ('45', 'maiores', '90');
INSERT INTO `photo_albums` (`id`, `name`, `user_id`) VALUES ('46', 'ullam', '40');
INSERT INTO `photo_albums` (`id`, `name`, `user_id`) VALUES ('47', 'nihil', '56');
INSERT INTO `photo_albums` (`id`, `name`, `user_id`) VALUES ('48', 'exercitationem', '44');
INSERT INTO `photo_albums` (`id`, `name`, `user_id`) VALUES ('49', 'molestiae', '21');
INSERT INTO `photo_albums` (`id`, `name`, `user_id`) VALUES ('50', 'molestias', '69');
INSERT INTO `photo_albums` (`id`, `name`, `user_id`) VALUES ('51', 'sequi', '36');
INSERT INTO `photo_albums` (`id`, `name`, `user_id`) VALUES ('52', 'aliquid', '70');
INSERT INTO `photo_albums` (`id`, `name`, `user_id`) VALUES ('53', 'qui', '74');
INSERT INTO `photo_albums` (`id`, `name`, `user_id`) VALUES ('54', 'ipsum', '9');
INSERT INTO `photo_albums` (`id`, `name`, `user_id`) VALUES ('55', 'quaerat', '36');
INSERT INTO `photo_albums` (`id`, `name`, `user_id`) VALUES ('56', 'eaque', '36');
INSERT INTO `photo_albums` (`id`, `name`, `user_id`) VALUES ('57', 'fugit', '47');
INSERT INTO `photo_albums` (`id`, `name`, `user_id`) VALUES ('58', 'qui', '25');
INSERT INTO `photo_albums` (`id`, `name`, `user_id`) VALUES ('59', 'quia', '33');
INSERT INTO `photo_albums` (`id`, `name`, `user_id`) VALUES ('60', 'dolores', '69');
INSERT INTO `photo_albums` (`id`, `name`, `user_id`) VALUES ('61', 'omnis', '13');
INSERT INTO `photo_albums` (`id`, `name`, `user_id`) VALUES ('62', 'quaerat', '16');
INSERT INTO `photo_albums` (`id`, `name`, `user_id`) VALUES ('63', 'nesciunt', '100');
INSERT INTO `photo_albums` (`id`, `name`, `user_id`) VALUES ('64', 'qui', '77');
INSERT INTO `photo_albums` (`id`, `name`, `user_id`) VALUES ('65', 'molestiae', '37');
INSERT INTO `photo_albums` (`id`, `name`, `user_id`) VALUES ('66', 'eveniet', '68');
INSERT INTO `photo_albums` (`id`, `name`, `user_id`) VALUES ('67', 'non', '13');
INSERT INTO `photo_albums` (`id`, `name`, `user_id`) VALUES ('68', 'commodi', '71');
INSERT INTO `photo_albums` (`id`, `name`, `user_id`) VALUES ('69', 'itaque', '2');
INSERT INTO `photo_albums` (`id`, `name`, `user_id`) VALUES ('70', 'ipsum', '47');
INSERT INTO `photo_albums` (`id`, `name`, `user_id`) VALUES ('71', 'et', '20');
INSERT INTO `photo_albums` (`id`, `name`, `user_id`) VALUES ('72', 'tenetur', '86');
INSERT INTO `photo_albums` (`id`, `name`, `user_id`) VALUES ('73', 'et', '78');
INSERT INTO `photo_albums` (`id`, `name`, `user_id`) VALUES ('74', 'recusandae', '60');
INSERT INTO `photo_albums` (`id`, `name`, `user_id`) VALUES ('75', 'est', '88');
INSERT INTO `photo_albums` (`id`, `name`, `user_id`) VALUES ('76', 'pariatur', '67');
INSERT INTO `photo_albums` (`id`, `name`, `user_id`) VALUES ('77', 'ut', '100');
INSERT INTO `photo_albums` (`id`, `name`, `user_id`) VALUES ('78', 'deserunt', '43');
INSERT INTO `photo_albums` (`id`, `name`, `user_id`) VALUES ('79', 'ipsum', '11');
INSERT INTO `photo_albums` (`id`, `name`, `user_id`) VALUES ('80', 'necessitatibus', '20');
INSERT INTO `photo_albums` (`id`, `name`, `user_id`) VALUES ('81', 'id', '12');
INSERT INTO `photo_albums` (`id`, `name`, `user_id`) VALUES ('82', 'animi', '46');
INSERT INTO `photo_albums` (`id`, `name`, `user_id`) VALUES ('83', 'voluptatem', '89');
INSERT INTO `photo_albums` (`id`, `name`, `user_id`) VALUES ('84', 'suscipit', '85');
INSERT INTO `photo_albums` (`id`, `name`, `user_id`) VALUES ('85', 'eos', '54');
INSERT INTO `photo_albums` (`id`, `name`, `user_id`) VALUES ('86', 'ut', '25');
INSERT INTO `photo_albums` (`id`, `name`, `user_id`) VALUES ('87', 'non', '21');
INSERT INTO `photo_albums` (`id`, `name`, `user_id`) VALUES ('88', 'aperiam', '100');
INSERT INTO `photo_albums` (`id`, `name`, `user_id`) VALUES ('89', 'deleniti', '50');
INSERT INTO `photo_albums` (`id`, `name`, `user_id`) VALUES ('90', 'cum', '53');
INSERT INTO `photo_albums` (`id`, `name`, `user_id`) VALUES ('91', 'sed', '69');
INSERT INTO `photo_albums` (`id`, `name`, `user_id`) VALUES ('92', 'et', '62');
INSERT INTO `photo_albums` (`id`, `name`, `user_id`) VALUES ('93', 'aperiam', '69');
INSERT INTO `photo_albums` (`id`, `name`, `user_id`) VALUES ('94', 'vel', '69');
INSERT INTO `photo_albums` (`id`, `name`, `user_id`) VALUES ('95', 'ut', '38');
INSERT INTO `photo_albums` (`id`, `name`, `user_id`) VALUES ('96', 'qui', '6');
INSERT INTO `photo_albums` (`id`, `name`, `user_id`) VALUES ('97', 'aperiam', '36');
INSERT INTO `photo_albums` (`id`, `name`, `user_id`) VALUES ('98', 'corrupti', '50');
INSERT INTO `photo_albums` (`id`, `name`, `user_id`) VALUES ('99', 'optio', '76');
INSERT INTO `photo_albums` (`id`, `name`, `user_id`) VALUES ('100', 'enim', '37');


#
# TABLE STRUCTURE FOR: photos
#

DROP TABLE IF EXISTS `photos`;

CREATE TABLE `photos` (
  `id` bigint(20) unsigned NOT NULL AUTO_INCREMENT,
  `album_id` bigint(20) unsigned NOT NULL,
  `media_id` bigint(20) unsigned NOT NULL,
  PRIMARY KEY (`id`),
  UNIQUE KEY `id` (`id`),
  KEY `album_id` (`album_id`),
  KEY `media_id` (`media_id`),
  CONSTRAINT `photos_ibfk_1` FOREIGN KEY (`album_id`) REFERENCES `photo_albums` (`id`),
  CONSTRAINT `photos_ibfk_2` FOREIGN KEY (`media_id`) REFERENCES `media` (`id`)
) ENGINE=InnoDB AUTO_INCREMENT=101 DEFAULT CHARSET=latin1;

INSERT INTO `photos` (`id`, `album_id`, `media_id`) VALUES ('1', '63', '8');
INSERT INTO `photos` (`id`, `album_id`, `media_id`) VALUES ('2', '93', '74');
INSERT INTO `photos` (`id`, `album_id`, `media_id`) VALUES ('3', '43', '17');
INSERT INTO `photos` (`id`, `album_id`, `media_id`) VALUES ('4', '16', '23');
INSERT INTO `photos` (`id`, `album_id`, `media_id`) VALUES ('5', '5', '45');
INSERT INTO `photos` (`id`, `album_id`, `media_id`) VALUES ('6', '85', '90');
INSERT INTO `photos` (`id`, `album_id`, `media_id`) VALUES ('7', '99', '37');
INSERT INTO `photos` (`id`, `album_id`, `media_id`) VALUES ('8', '66', '22');
INSERT INTO `photos` (`id`, `album_id`, `media_id`) VALUES ('9', '13', '80');
INSERT INTO `photos` (`id`, `album_id`, `media_id`) VALUES ('10', '20', '86');
INSERT INTO `photos` (`id`, `album_id`, `media_id`) VALUES ('11', '38', '98');
INSERT INTO `photos` (`id`, `album_id`, `media_id`) VALUES ('12', '81', '42');
INSERT INTO `photos` (`id`, `album_id`, `media_id`) VALUES ('13', '25', '64');
INSERT INTO `photos` (`id`, `album_id`, `media_id`) VALUES ('14', '35', '40');
INSERT INTO `photos` (`id`, `album_id`, `media_id`) VALUES ('15', '53', '85');
INSERT INTO `photos` (`id`, `album_id`, `media_id`) VALUES ('16', '63', '15');
INSERT INTO `photos` (`id`, `album_id`, `media_id`) VALUES ('17', '92', '56');
INSERT INTO `photos` (`id`, `album_id`, `media_id`) VALUES ('18', '89', '35');
INSERT INTO `photos` (`id`, `album_id`, `media_id`) VALUES ('19', '72', '4');
INSERT INTO `photos` (`id`, `album_id`, `media_id`) VALUES ('20', '57', '77');
INSERT INTO `photos` (`id`, `album_id`, `media_id`) VALUES ('21', '49', '42');
INSERT INTO `photos` (`id`, `album_id`, `media_id`) VALUES ('22', '66', '47');
INSERT INTO `photos` (`id`, `album_id`, `media_id`) VALUES ('23', '78', '31');
INSERT INTO `photos` (`id`, `album_id`, `media_id`) VALUES ('24', '68', '91');
INSERT INTO `photos` (`id`, `album_id`, `media_id`) VALUES ('25', '11', '87');
INSERT INTO `photos` (`id`, `album_id`, `media_id`) VALUES ('26', '76', '48');
INSERT INTO `photos` (`id`, `album_id`, `media_id`) VALUES ('27', '85', '57');
INSERT INTO `photos` (`id`, `album_id`, `media_id`) VALUES ('28', '90', '10');
INSERT INTO `photos` (`id`, `album_id`, `media_id`) VALUES ('29', '21', '25');
INSERT INTO `photos` (`id`, `album_id`, `media_id`) VALUES ('30', '49', '73');
INSERT INTO `photos` (`id`, `album_id`, `media_id`) VALUES ('31', '9', '11');
INSERT INTO `photos` (`id`, `album_id`, `media_id`) VALUES ('32', '87', '100');
INSERT INTO `photos` (`id`, `album_id`, `media_id`) VALUES ('33', '67', '75');
INSERT INTO `photos` (`id`, `album_id`, `media_id`) VALUES ('34', '34', '39');
INSERT INTO `photos` (`id`, `album_id`, `media_id`) VALUES ('35', '79', '91');
INSERT INTO `photos` (`id`, `album_id`, `media_id`) VALUES ('36', '15', '27');
INSERT INTO `photos` (`id`, `album_id`, `media_id`) VALUES ('37', '33', '80');
INSERT INTO `photos` (`id`, `album_id`, `media_id`) VALUES ('38', '74', '10');
INSERT INTO `photos` (`id`, `album_id`, `media_id`) VALUES ('39', '11', '41');
INSERT INTO `photos` (`id`, `album_id`, `media_id`) VALUES ('40', '1', '21');
INSERT INTO `photos` (`id`, `album_id`, `media_id`) VALUES ('41', '28', '77');
INSERT INTO `photos` (`id`, `album_id`, `media_id`) VALUES ('42', '69', '13');
INSERT INTO `photos` (`id`, `album_id`, `media_id`) VALUES ('43', '33', '59');
INSERT INTO `photos` (`id`, `album_id`, `media_id`) VALUES ('44', '22', '54');
INSERT INTO `photos` (`id`, `album_id`, `media_id`) VALUES ('45', '83', '70');
INSERT INTO `photos` (`id`, `album_id`, `media_id`) VALUES ('46', '26', '91');
INSERT INTO `photos` (`id`, `album_id`, `media_id`) VALUES ('47', '81', '13');
INSERT INTO `photos` (`id`, `album_id`, `media_id`) VALUES ('48', '91', '48');
INSERT INTO `photos` (`id`, `album_id`, `media_id`) VALUES ('49', '87', '25');
INSERT INTO `photos` (`id`, `album_id`, `media_id`) VALUES ('50', '86', '66');
INSERT INTO `photos` (`id`, `album_id`, `media_id`) VALUES ('51', '16', '1');
INSERT INTO `photos` (`id`, `album_id`, `media_id`) VALUES ('52', '92', '48');
INSERT INTO `photos` (`id`, `album_id`, `media_id`) VALUES ('53', '81', '66');
INSERT INTO `photos` (`id`, `album_id`, `media_id`) VALUES ('54', '58', '91');
INSERT INTO `photos` (`id`, `album_id`, `media_id`) VALUES ('55', '6', '58');
INSERT INTO `photos` (`id`, `album_id`, `media_id`) VALUES ('56', '12', '34');
INSERT INTO `photos` (`id`, `album_id`, `media_id`) VALUES ('57', '34', '81');
INSERT INTO `photos` (`id`, `album_id`, `media_id`) VALUES ('58', '46', '67');
INSERT INTO `photos` (`id`, `album_id`, `media_id`) VALUES ('59', '39', '68');
INSERT INTO `photos` (`id`, `album_id`, `media_id`) VALUES ('60', '21', '22');
INSERT INTO `photos` (`id`, `album_id`, `media_id`) VALUES ('61', '37', '46');
INSERT INTO `photos` (`id`, `album_id`, `media_id`) VALUES ('62', '13', '18');
INSERT INTO `photos` (`id`, `album_id`, `media_id`) VALUES ('63', '58', '3');
INSERT INTO `photos` (`id`, `album_id`, `media_id`) VALUES ('64', '65', '45');
INSERT INTO `photos` (`id`, `album_id`, `media_id`) VALUES ('65', '28', '51');
INSERT INTO `photos` (`id`, `album_id`, `media_id`) VALUES ('66', '10', '43');
INSERT INTO `photos` (`id`, `album_id`, `media_id`) VALUES ('67', '51', '2');
INSERT INTO `photos` (`id`, `album_id`, `media_id`) VALUES ('68', '91', '31');
INSERT INTO `photos` (`id`, `album_id`, `media_id`) VALUES ('69', '67', '48');
INSERT INTO `photos` (`id`, `album_id`, `media_id`) VALUES ('70', '22', '73');
INSERT INTO `photos` (`id`, `album_id`, `media_id`) VALUES ('71', '6', '33');
INSERT INTO `photos` (`id`, `album_id`, `media_id`) VALUES ('72', '7', '39');
INSERT INTO `photos` (`id`, `album_id`, `media_id`) VALUES ('73', '14', '53');
INSERT INTO `photos` (`id`, `album_id`, `media_id`) VALUES ('74', '6', '53');
INSERT INTO `photos` (`id`, `album_id`, `media_id`) VALUES ('75', '20', '26');
INSERT INTO `photos` (`id`, `album_id`, `media_id`) VALUES ('76', '74', '57');
INSERT INTO `photos` (`id`, `album_id`, `media_id`) VALUES ('77', '72', '86');
INSERT INTO `photos` (`id`, `album_id`, `media_id`) VALUES ('78', '75', '30');
INSERT INTO `photos` (`id`, `album_id`, `media_id`) VALUES ('79', '89', '39');
INSERT INTO `photos` (`id`, `album_id`, `media_id`) VALUES ('80', '74', '16');
INSERT INTO `photos` (`id`, `album_id`, `media_id`) VALUES ('81', '89', '84');
INSERT INTO `photos` (`id`, `album_id`, `media_id`) VALUES ('82', '59', '40');
INSERT INTO `photos` (`id`, `album_id`, `media_id`) VALUES ('83', '86', '49');
INSERT INTO `photos` (`id`, `album_id`, `media_id`) VALUES ('84', '70', '52');
INSERT INTO `photos` (`id`, `album_id`, `media_id`) VALUES ('85', '97', '91');
INSERT INTO `photos` (`id`, `album_id`, `media_id`) VALUES ('86', '25', '2');
INSERT INTO `photos` (`id`, `album_id`, `media_id`) VALUES ('87', '24', '31');
INSERT INTO `photos` (`id`, `album_id`, `media_id`) VALUES ('88', '41', '38');
INSERT INTO `photos` (`id`, `album_id`, `media_id`) VALUES ('89', '83', '46');
INSERT INTO `photos` (`id`, `album_id`, `media_id`) VALUES ('90', '90', '2');
INSERT INTO `photos` (`id`, `album_id`, `media_id`) VALUES ('91', '72', '63');
INSERT INTO `photos` (`id`, `album_id`, `media_id`) VALUES ('92', '59', '44');
INSERT INTO `photos` (`id`, `album_id`, `media_id`) VALUES ('93', '48', '33');
INSERT INTO `photos` (`id`, `album_id`, `media_id`) VALUES ('94', '73', '36');
INSERT INTO `photos` (`id`, `album_id`, `media_id`) VALUES ('95', '72', '47');
INSERT INTO `photos` (`id`, `album_id`, `media_id`) VALUES ('96', '52', '61');
INSERT INTO `photos` (`id`, `album_id`, `media_id`) VALUES ('97', '31', '10');
INSERT INTO `photos` (`id`, `album_id`, `media_id`) VALUES ('98', '100', '16');
INSERT INTO `photos` (`id`, `album_id`, `media_id`) VALUES ('99', '59', '69');
INSERT INTO `photos` (`id`, `album_id`, `media_id`) VALUES ('100', '68', '55');


#
# TABLE STRUCTURE FOR: profiles
#

DROP TABLE IF EXISTS `profiles`;

CREATE TABLE `profiles` (
  `user_id` bigint(20) unsigned NOT NULL AUTO_INCREMENT,
  `gender` char(1) DEFAULT NULL,
  `birthday` date DEFAULT NULL,
  `photo_id` bigint(20) unsigned DEFAULT NULL,
  `created_at` datetime DEFAULT current_timestamp(),
  `hometown` varchar(100) DEFAULT NULL,
  PRIMARY KEY (`user_id`),
  UNIQUE KEY `user_id` (`user_id`),
  KEY `photo_id` (`photo_id`),
  CONSTRAINT `profiles_ibfk_1` FOREIGN KEY (`user_id`) REFERENCES `users` (`id`) ON UPDATE CASCADE,
  CONSTRAINT `profiles_ibfk_2` FOREIGN KEY (`photo_id`) REFERENCES `media` (`id`)
) ENGINE=InnoDB AUTO_INCREMENT=101 DEFAULT CHARSET=latin1;

INSERT INTO `profiles` (`user_id`, `gender`, `birthday`, `photo_id`, `created_at`, `hometown`) VALUES ('1', 'D', '1971-09-09', '53', '2003-01-19 00:08:16', 'West Tyrel');
INSERT INTO `profiles` (`user_id`, `gender`, `birthday`, `photo_id`, `created_at`, `hometown`) VALUES ('2', 'D', '1986-10-12', '21', '1985-05-30 14:57:08', 'South Thomas');
INSERT INTO `profiles` (`user_id`, `gender`, `birthday`, `photo_id`, `created_at`, `hometown`) VALUES ('3', 'M', '2013-01-19', '39', '2008-11-22 02:21:12', 'Rogahnmouth');
INSERT INTO `profiles` (`user_id`, `gender`, `birthday`, `photo_id`, `created_at`, `hometown`) VALUES ('4', 'M', '1986-08-24', '90', '2000-08-26 14:07:04', 'Sengertown');
INSERT INTO `profiles` (`user_id`, `gender`, `birthday`, `photo_id`, `created_at`, `hometown`) VALUES ('5', 'M', '1970-06-28', '88', '1994-02-02 07:16:42', 'Port Greenview');
INSERT INTO `profiles` (`user_id`, `gender`, `birthday`, `photo_id`, `created_at`, `hometown`) VALUES ('6', 'P', '2013-03-29', '43', '1975-11-27 09:08:56', 'West Tess');
INSERT INTO `profiles` (`user_id`, `gender`, `birthday`, `photo_id`, `created_at`, `hometown`) VALUES ('7', 'P', '1971-04-04', '60', '1976-01-12 22:10:35', 'Watsicastad');
INSERT INTO `profiles` (`user_id`, `gender`, `birthday`, `photo_id`, `created_at`, `hometown`) VALUES ('8', 'D', '2011-12-09', '95', '2009-05-14 11:28:25', 'Lake Pierreton');
INSERT INTO `profiles` (`user_id`, `gender`, `birthday`, `photo_id`, `created_at`, `hometown`) VALUES ('9', 'M', '1980-01-20', '73', '2009-07-28 07:26:00', 'East Connerchester');
INSERT INTO `profiles` (`user_id`, `gender`, `birthday`, `photo_id`, `created_at`, `hometown`) VALUES ('10', 'P', '1980-12-12', '62', '2006-10-29 08:00:31', 'Lehnerfort');
INSERT INTO `profiles` (`user_id`, `gender`, `birthday`, `photo_id`, `created_at`, `hometown`) VALUES ('11', 'D', '1997-12-19', '28', '1979-08-25 12:53:04', 'Reynoldstown');
INSERT INTO `profiles` (`user_id`, `gender`, `birthday`, `photo_id`, `created_at`, `hometown`) VALUES ('12', 'D', '1979-05-15', '8', '1973-09-07 20:12:04', 'Mitchellland');
INSERT INTO `profiles` (`user_id`, `gender`, `birthday`, `photo_id`, `created_at`, `hometown`) VALUES ('13', 'M', '1991-01-22', '9', '2004-07-13 00:16:20', 'Beierberg');
INSERT INTO `profiles` (`user_id`, `gender`, `birthday`, `photo_id`, `created_at`, `hometown`) VALUES ('14', 'M', '1973-08-05', '81', '2000-10-18 19:01:46', 'Corenebury');
INSERT INTO `profiles` (`user_id`, `gender`, `birthday`, `photo_id`, `created_at`, `hometown`) VALUES ('15', 'D', '1997-08-29', '59', '1995-07-10 20:18:10', 'Patsyborough');
INSERT INTO `profiles` (`user_id`, `gender`, `birthday`, `photo_id`, `created_at`, `hometown`) VALUES ('16', 'M', '1984-05-04', '77', '1983-03-07 12:01:41', 'Greenville');
INSERT INTO `profiles` (`user_id`, `gender`, `birthday`, `photo_id`, `created_at`, `hometown`) VALUES ('17', 'M', '1974-07-29', '91', '1983-09-04 06:38:12', 'South Cydneyview');
INSERT INTO `profiles` (`user_id`, `gender`, `birthday`, `photo_id`, `created_at`, `hometown`) VALUES ('18', 'D', '1987-05-19', '66', '1994-08-06 10:51:10', 'Collinsfurt');
INSERT INTO `profiles` (`user_id`, `gender`, `birthday`, `photo_id`, `created_at`, `hometown`) VALUES ('19', 'P', '1998-04-26', '8', '2010-12-14 02:12:01', 'New Nigelmouth');
INSERT INTO `profiles` (`user_id`, `gender`, `birthday`, `photo_id`, `created_at`, `hometown`) VALUES ('20', 'P', '1991-07-06', '74', '1982-01-11 00:56:25', 'New Dorthy');
INSERT INTO `profiles` (`user_id`, `gender`, `birthday`, `photo_id`, `created_at`, `hometown`) VALUES ('21', 'D', '1972-04-17', '83', '2004-01-07 03:06:41', 'Lake Tyrese');
INSERT INTO `profiles` (`user_id`, `gender`, `birthday`, `photo_id`, `created_at`, `hometown`) VALUES ('22', 'M', '1997-02-08', '94', '1991-02-12 12:13:06', 'Port Izaiah');
INSERT INTO `profiles` (`user_id`, `gender`, `birthday`, `photo_id`, `created_at`, `hometown`) VALUES ('23', 'D', '1985-06-14', '8', '1992-03-30 04:53:40', 'Lake Tabithamouth');
INSERT INTO `profiles` (`user_id`, `gender`, `birthday`, `photo_id`, `created_at`, `hometown`) VALUES ('24', 'P', '1991-10-16', '84', '1984-01-24 04:50:24', 'Ornmouth');
INSERT INTO `profiles` (`user_id`, `gender`, `birthday`, `photo_id`, `created_at`, `hometown`) VALUES ('25', 'D', '1988-05-03', '95', '2014-08-11 12:55:17', 'Port Neha');
INSERT INTO `profiles` (`user_id`, `gender`, `birthday`, `photo_id`, `created_at`, `hometown`) VALUES ('26', 'P', '2010-01-07', '97', '1980-10-22 13:40:12', 'New Dawnbury');
INSERT INTO `profiles` (`user_id`, `gender`, `birthday`, `photo_id`, `created_at`, `hometown`) VALUES ('27', 'M', '1999-01-07', '6', '1995-06-04 10:49:46', 'Lake Dahliamouth');
INSERT INTO `profiles` (`user_id`, `gender`, `birthday`, `photo_id`, `created_at`, `hometown`) VALUES ('28', 'P', '2017-11-14', '38', '1996-07-21 04:36:27', 'New Reilly');
INSERT INTO `profiles` (`user_id`, `gender`, `birthday`, `photo_id`, `created_at`, `hometown`) VALUES ('29', 'M', '1993-01-21', '31', '2012-03-22 07:56:03', 'Schoenport');
INSERT INTO `profiles` (`user_id`, `gender`, `birthday`, `photo_id`, `created_at`, `hometown`) VALUES ('30', 'D', '2006-08-08', '86', '1992-06-30 22:33:01', 'South Markus');
INSERT INTO `profiles` (`user_id`, `gender`, `birthday`, `photo_id`, `created_at`, `hometown`) VALUES ('31', 'P', '2007-12-25', '84', '2013-07-13 16:22:33', 'Tessfurt');
INSERT INTO `profiles` (`user_id`, `gender`, `birthday`, `photo_id`, `created_at`, `hometown`) VALUES ('32', 'M', '2000-02-28', '83', '1976-11-28 09:14:16', 'South Maddisonton');
INSERT INTO `profiles` (`user_id`, `gender`, `birthday`, `photo_id`, `created_at`, `hometown`) VALUES ('33', 'D', '2000-07-26', '6', '1992-07-11 00:08:23', 'Gottliebborough');
INSERT INTO `profiles` (`user_id`, `gender`, `birthday`, `photo_id`, `created_at`, `hometown`) VALUES ('34', 'M', '1996-10-14', '23', '1971-08-07 15:18:36', 'South Okey');
INSERT INTO `profiles` (`user_id`, `gender`, `birthday`, `photo_id`, `created_at`, `hometown`) VALUES ('35', 'D', '1998-05-26', '73', '1985-05-30 18:51:32', 'Port Rodolfostad');
INSERT INTO `profiles` (`user_id`, `gender`, `birthday`, `photo_id`, `created_at`, `hometown`) VALUES ('36', 'M', '1975-01-10', '93', '1999-05-24 18:53:41', 'North Winonaborough');
INSERT INTO `profiles` (`user_id`, `gender`, `birthday`, `photo_id`, `created_at`, `hometown`) VALUES ('37', 'D', '1989-12-13', '65', '1972-07-14 06:42:09', 'Lake Edgardohaven');
INSERT INTO `profiles` (`user_id`, `gender`, `birthday`, `photo_id`, `created_at`, `hometown`) VALUES ('38', 'D', '2002-02-23', '32', '1996-02-21 23:47:04', 'North Christside');
INSERT INTO `profiles` (`user_id`, `gender`, `birthday`, `photo_id`, `created_at`, `hometown`) VALUES ('39', 'M', '2003-01-11', '88', '2011-12-15 15:52:19', 'South Dameon');
INSERT INTO `profiles` (`user_id`, `gender`, `birthday`, `photo_id`, `created_at`, `hometown`) VALUES ('40', 'M', '1989-04-27', '37', '1991-07-10 22:39:04', 'Port Glennie');
INSERT INTO `profiles` (`user_id`, `gender`, `birthday`, `photo_id`, `created_at`, `hometown`) VALUES ('41', 'M', '1996-03-23', '94', '2017-08-28 00:17:01', 'Nolatown');
INSERT INTO `profiles` (`user_id`, `gender`, `birthday`, `photo_id`, `created_at`, `hometown`) VALUES ('42', 'M', '1986-01-20', '16', '1993-11-05 06:08:27', 'East Berniceland');
INSERT INTO `profiles` (`user_id`, `gender`, `birthday`, `photo_id`, `created_at`, `hometown`) VALUES ('43', 'M', '1993-11-19', '45', '1973-09-10 08:01:51', 'New Keyshawnton');
INSERT INTO `profiles` (`user_id`, `gender`, `birthday`, `photo_id`, `created_at`, `hometown`) VALUES ('44', 'M', '2020-04-10', '2', '2017-02-01 05:20:24', 'East Jamar');
INSERT INTO `profiles` (`user_id`, `gender`, `birthday`, `photo_id`, `created_at`, `hometown`) VALUES ('45', 'D', '1972-02-22', '96', '1976-03-05 17:36:47', 'Port Eldridge');
INSERT INTO `profiles` (`user_id`, `gender`, `birthday`, `photo_id`, `created_at`, `hometown`) VALUES ('46', 'M', '2010-03-26', '3', '1991-08-21 04:25:07', 'Grahamland');
INSERT INTO `profiles` (`user_id`, `gender`, `birthday`, `photo_id`, `created_at`, `hometown`) VALUES ('47', 'D', '2018-06-23', '79', '1982-09-17 23:19:50', 'West Vicenta');
INSERT INTO `profiles` (`user_id`, `gender`, `birthday`, `photo_id`, `created_at`, `hometown`) VALUES ('48', 'M', '1985-11-14', '86', '1982-12-12 09:43:47', 'South Zachariahfort');
INSERT INTO `profiles` (`user_id`, `gender`, `birthday`, `photo_id`, `created_at`, `hometown`) VALUES ('49', 'D', '2019-03-25', '69', '1974-12-23 09:16:27', 'South Amalia');
INSERT INTO `profiles` (`user_id`, `gender`, `birthday`, `photo_id`, `created_at`, `hometown`) VALUES ('50', 'M', '2006-02-11', '86', '1992-12-05 03:12:24', 'Emiliefort');
INSERT INTO `profiles` (`user_id`, `gender`, `birthday`, `photo_id`, `created_at`, `hometown`) VALUES ('51', 'P', '2017-11-28', '60', '1979-04-09 23:39:39', 'New Hortenseborough');
INSERT INTO `profiles` (`user_id`, `gender`, `birthday`, `photo_id`, `created_at`, `hometown`) VALUES ('52', 'M', '2004-11-14', '51', '2015-04-13 18:32:59', 'Kayleeside');
INSERT INTO `profiles` (`user_id`, `gender`, `birthday`, `photo_id`, `created_at`, `hometown`) VALUES ('53', 'M', '1979-11-12', '80', '1978-08-30 19:19:10', 'Lindsaychester');
INSERT INTO `profiles` (`user_id`, `gender`, `birthday`, `photo_id`, `created_at`, `hometown`) VALUES ('54', 'P', '1995-09-08', '67', '1995-02-01 12:46:03', 'Maudebury');
INSERT INTO `profiles` (`user_id`, `gender`, `birthday`, `photo_id`, `created_at`, `hometown`) VALUES ('55', 'M', '2003-04-28', '34', '1980-09-26 13:48:59', 'Jacintheberg');
INSERT INTO `profiles` (`user_id`, `gender`, `birthday`, `photo_id`, `created_at`, `hometown`) VALUES ('56', 'M', '1978-04-04', '74', '1998-08-23 02:10:49', 'Ginoshire');
INSERT INTO `profiles` (`user_id`, `gender`, `birthday`, `photo_id`, `created_at`, `hometown`) VALUES ('57', 'M', '1975-02-16', '64', '2006-10-24 05:40:27', 'Burleychester');
INSERT INTO `profiles` (`user_id`, `gender`, `birthday`, `photo_id`, `created_at`, `hometown`) VALUES ('58', 'D', '2010-12-11', '40', '1984-02-12 16:17:29', 'Hoppetown');
INSERT INTO `profiles` (`user_id`, `gender`, `birthday`, `photo_id`, `created_at`, `hometown`) VALUES ('59', 'M', '1973-08-25', '11', '1975-12-16 14:55:58', 'West Margarete');
INSERT INTO `profiles` (`user_id`, `gender`, `birthday`, `photo_id`, `created_at`, `hometown`) VALUES ('60', 'D', '1977-08-16', '94', '1973-02-25 07:12:24', 'East Kadenchester');
INSERT INTO `profiles` (`user_id`, `gender`, `birthday`, `photo_id`, `created_at`, `hometown`) VALUES ('61', 'D', '1999-06-01', '25', '2016-11-28 15:20:28', 'East Sadyeburgh');
INSERT INTO `profiles` (`user_id`, `gender`, `birthday`, `photo_id`, `created_at`, `hometown`) VALUES ('62', 'M', '1982-11-30', '95', '1971-11-08 06:35:03', 'Janaeview');
INSERT INTO `profiles` (`user_id`, `gender`, `birthday`, `photo_id`, `created_at`, `hometown`) VALUES ('63', 'D', '2020-01-28', '77', '1979-12-16 01:11:38', 'North Rydermouth');
INSERT INTO `profiles` (`user_id`, `gender`, `birthday`, `photo_id`, `created_at`, `hometown`) VALUES ('64', 'M', '2020-05-11', '31', '2007-12-01 07:54:08', 'South Leonorachester');
INSERT INTO `profiles` (`user_id`, `gender`, `birthday`, `photo_id`, `created_at`, `hometown`) VALUES ('65', 'M', '2006-06-07', '17', '1990-09-27 14:36:25', 'West Kailynton');
INSERT INTO `profiles` (`user_id`, `gender`, `birthday`, `photo_id`, `created_at`, `hometown`) VALUES ('66', 'M', '1993-01-12', '49', '1995-08-14 18:46:55', 'Marcosland');
INSERT INTO `profiles` (`user_id`, `gender`, `birthday`, `photo_id`, `created_at`, `hometown`) VALUES ('67', 'M', '1978-05-16', '24', '1996-12-03 04:56:55', 'Emmerichton');
INSERT INTO `profiles` (`user_id`, `gender`, `birthday`, `photo_id`, `created_at`, `hometown`) VALUES ('68', 'D', '2002-10-22', '82', '1993-04-29 20:29:29', 'Johnfort');
INSERT INTO `profiles` (`user_id`, `gender`, `birthday`, `photo_id`, `created_at`, `hometown`) VALUES ('69', 'P', '1976-09-21', '81', '1972-05-05 13:40:05', 'New Devan');
INSERT INTO `profiles` (`user_id`, `gender`, `birthday`, `photo_id`, `created_at`, `hometown`) VALUES ('70', 'D', '1970-02-13', '12', '1997-09-25 00:34:29', 'Milanfort');
INSERT INTO `profiles` (`user_id`, `gender`, `birthday`, `photo_id`, `created_at`, `hometown`) VALUES ('71', 'M', '1989-07-19', '19', '1981-11-24 20:39:24', 'North Kayley');
INSERT INTO `profiles` (`user_id`, `gender`, `birthday`, `photo_id`, `created_at`, `hometown`) VALUES ('72', 'M', '2019-12-22', '74', '1978-09-29 13:59:41', 'South Tannertown');
INSERT INTO `profiles` (`user_id`, `gender`, `birthday`, `photo_id`, `created_at`, `hometown`) VALUES ('73', 'P', '1986-05-14', '27', '2007-08-31 05:24:07', 'Lakinbury');
INSERT INTO `profiles` (`user_id`, `gender`, `birthday`, `photo_id`, `created_at`, `hometown`) VALUES ('74', 'D', '2004-04-18', '63', '2018-07-09 09:56:13', 'Denesikside');
INSERT INTO `profiles` (`user_id`, `gender`, `birthday`, `photo_id`, `created_at`, `hometown`) VALUES ('75', 'P', '2008-01-12', '76', '2010-07-20 15:05:41', 'Mertzchester');
INSERT INTO `profiles` (`user_id`, `gender`, `birthday`, `photo_id`, `created_at`, `hometown`) VALUES ('76', 'M', '1991-05-08', '22', '1988-01-02 03:58:48', 'Glennaville');
INSERT INTO `profiles` (`user_id`, `gender`, `birthday`, `photo_id`, `created_at`, `hometown`) VALUES ('77', 'P', '2005-01-22', '65', '1988-08-08 14:04:06', 'Nolanville');
INSERT INTO `profiles` (`user_id`, `gender`, `birthday`, `photo_id`, `created_at`, `hometown`) VALUES ('78', 'P', '1994-06-08', '54', '1996-08-05 07:10:27', 'East Jennie');
INSERT INTO `profiles` (`user_id`, `gender`, `birthday`, `photo_id`, `created_at`, `hometown`) VALUES ('79', 'D', '1992-01-17', '8', '1994-07-21 11:39:45', 'North Florencio');
INSERT INTO `profiles` (`user_id`, `gender`, `birthday`, `photo_id`, `created_at`, `hometown`) VALUES ('80', 'M', '1991-08-01', '33', '1983-05-20 00:01:10', 'Lake Aylaton');
INSERT INTO `profiles` (`user_id`, `gender`, `birthday`, `photo_id`, `created_at`, `hometown`) VALUES ('81', 'P', '1997-05-12', '40', '1976-08-06 08:16:27', 'Kesslerland');
INSERT INTO `profiles` (`user_id`, `gender`, `birthday`, `photo_id`, `created_at`, `hometown`) VALUES ('82', 'D', '1981-06-24', '67', '1999-03-31 11:49:50', 'East Gail');
INSERT INTO `profiles` (`user_id`, `gender`, `birthday`, `photo_id`, `created_at`, `hometown`) VALUES ('83', 'M', '2016-10-25', '84', '1995-01-18 11:49:39', 'Lake Toy');
INSERT INTO `profiles` (`user_id`, `gender`, `birthday`, `photo_id`, `created_at`, `hometown`) VALUES ('84', 'M', '1997-04-06', '19', '1996-04-02 22:23:33', 'Port Francesco');
INSERT INTO `profiles` (`user_id`, `gender`, `birthday`, `photo_id`, `created_at`, `hometown`) VALUES ('85', 'P', '2012-02-26', '34', '1981-05-03 20:14:19', 'North Stanton');
INSERT INTO `profiles` (`user_id`, `gender`, `birthday`, `photo_id`, `created_at`, `hometown`) VALUES ('86', 'D', '1979-05-16', '18', '1985-08-01 04:10:55', 'West Vernerton');
INSERT INTO `profiles` (`user_id`, `gender`, `birthday`, `photo_id`, `created_at`, `hometown`) VALUES ('87', 'P', '1977-08-20', '93', '2004-06-19 19:05:02', 'Aracelyland');
INSERT INTO `profiles` (`user_id`, `gender`, `birthday`, `photo_id`, `created_at`, `hometown`) VALUES ('88', 'D', '1987-04-11', '97', '2006-07-06 09:07:13', 'Caitlynside');
INSERT INTO `profiles` (`user_id`, `gender`, `birthday`, `photo_id`, `created_at`, `hometown`) VALUES ('89', 'M', '2017-05-22', '57', '2006-09-10 22:44:49', 'North Darion');
INSERT INTO `profiles` (`user_id`, `gender`, `birthday`, `photo_id`, `created_at`, `hometown`) VALUES ('90', 'D', '2002-02-21', '4', '1995-11-14 18:55:54', 'Lake Brannon');
INSERT INTO `profiles` (`user_id`, `gender`, `birthday`, `photo_id`, `created_at`, `hometown`) VALUES ('91', 'P', '1989-05-21', '91', '2004-06-08 12:42:24', 'West Angusport');
INSERT INTO `profiles` (`user_id`, `gender`, `birthday`, `photo_id`, `created_at`, `hometown`) VALUES ('92', 'M', '1992-05-07', '82', '1982-05-06 02:53:09', 'West Larissafort');
INSERT INTO `profiles` (`user_id`, `gender`, `birthday`, `photo_id`, `created_at`, `hometown`) VALUES ('93', 'D', '2017-04-05', '99', '1985-02-16 08:35:27', 'Mrazmouth');
INSERT INTO `profiles` (`user_id`, `gender`, `birthday`, `photo_id`, `created_at`, `hometown`) VALUES ('94', 'D', '2006-02-09', '67', '2013-02-28 16:40:20', 'West Jarredview');
INSERT INTO `profiles` (`user_id`, `gender`, `birthday`, `photo_id`, `created_at`, `hometown`) VALUES ('95', 'D', '1979-01-15', '13', '2007-09-24 21:05:28', 'West Drewchester');
INSERT INTO `profiles` (`user_id`, `gender`, `birthday`, `photo_id`, `created_at`, `hometown`) VALUES ('96', 'M', '2012-08-02', '16', '1989-07-21 01:23:38', 'South Wilfridtown');
INSERT INTO `profiles` (`user_id`, `gender`, `birthday`, `photo_id`, `created_at`, `hometown`) VALUES ('97', 'P', '1993-05-19', '16', '1989-04-17 10:34:48', 'Elenorton');
INSERT INTO `profiles` (`user_id`, `gender`, `birthday`, `photo_id`, `created_at`, `hometown`) VALUES ('98', 'D', '1992-05-23', '36', '1979-10-23 10:25:35', 'Corwinborough');
INSERT INTO `profiles` (`user_id`, `gender`, `birthday`, `photo_id`, `created_at`, `hometown`) VALUES ('99', 'M', '2020-02-15', '97', '2020-01-29 09:37:04', 'Lucieport');
INSERT INTO `profiles` (`user_id`, `gender`, `birthday`, `photo_id`, `created_at`, `hometown`) VALUES ('100', 'D', '2014-04-30', '96', '1990-09-15 17:16:45', 'Lake Consueloside');


#
# TABLE STRUCTURE FOR: users
#

DROP TABLE IF EXISTS `users`;

CREATE TABLE `users` (
  `id` bigint(20) unsigned NOT NULL AUTO_INCREMENT,
  `firstname` varchar(50) DEFAULT NULL,
  `lastname` varchar(50) DEFAULT NULL COMMENT '',
  `email` varchar(120) DEFAULT NULL,
  `phone` bigint(20) DEFAULT NULL,
  PRIMARY KEY (`id`),
  UNIQUE KEY `id` (`id`),
  UNIQUE KEY `email` (`email`),
  KEY `users_phone_idx` (`phone`),
  KEY `users_firstname_lastname_idx` (`firstname`,`lastname`)
) ENGINE=InnoDB AUTO_INCREMENT=101 DEFAULT CHARSET=latin1;

INSERT INTO `users` (`id`, `firstname`, `lastname`, `email`, `phone`) VALUES ('1', 'Ofelia', 'McLaughlin', 'vsanford@example.org', '689224');
INSERT INTO `users` (`id`, `firstname`, `lastname`, `email`, `phone`) VALUES ('2', 'Miles', 'Hoeger', 'tomas.mills@example.org', '45471');
INSERT INTO `users` (`id`, `firstname`, `lastname`, `email`, `phone`) VALUES ('3', 'Violette', 'Rau', 'qkoch@example.org', '271');
INSERT INTO `users` (`id`, `firstname`, `lastname`, `email`, `phone`) VALUES ('4', 'Elouise', 'Emmerich', 'josefa57@example.net', '969');
INSERT INTO `users` (`id`, `firstname`, `lastname`, `email`, `phone`) VALUES ('5', 'Kenyatta', 'Parker', 'declan17@example.net', '9375894276');
INSERT INTO `users` (`id`, `firstname`, `lastname`, `email`, `phone`) VALUES ('6', 'Roy', 'Satterfield', 'onienow@example.net', '0');
INSERT INTO `users` (`id`, `firstname`, `lastname`, `email`, `phone`) VALUES ('7', 'Bobbie', 'Ullrich', 'theodora46@example.org', '1');
INSERT INTO `users` (`id`, `firstname`, `lastname`, `email`, `phone`) VALUES ('8', 'Kale', 'Yundt', 'kathryne39@example.net', '1044343758');
INSERT INTO `users` (`id`, `firstname`, `lastname`, `email`, `phone`) VALUES ('9', 'Shaina', 'Bednar', 'abigail21@example.com', '0');
INSERT INTO `users` (`id`, `firstname`, `lastname`, `email`, `phone`) VALUES ('10', 'Moises', 'Schmidt', 'vschimmel@example.com', '59');
INSERT INTO `users` (`id`, `firstname`, `lastname`, `email`, `phone`) VALUES ('11', 'Grace', 'Koepp', 'kirk55@example.com', '9730320742');
INSERT INTO `users` (`id`, `firstname`, `lastname`, `email`, `phone`) VALUES ('12', 'Cecilia', 'Kerluke', 'bria.kris@example.net', '0');
INSERT INTO `users` (`id`, `firstname`, `lastname`, `email`, `phone`) VALUES ('13', 'Trey', 'Romaguera', 'ola80@example.org', '682599');
INSERT INTO `users` (`id`, `firstname`, `lastname`, `email`, `phone`) VALUES ('14', 'Cristal', 'Smitham', 'estella84@example.com', '4785908406');
INSERT INTO `users` (`id`, `firstname`, `lastname`, `email`, `phone`) VALUES ('15', 'Conrad', 'Schultz', 'rosamond68@example.com', '0');
INSERT INTO `users` (`id`, `firstname`, `lastname`, `email`, `phone`) VALUES ('16', 'Matt', 'Ondricka', 'wbuckridge@example.com', '942');
INSERT INTO `users` (`id`, `firstname`, `lastname`, `email`, `phone`) VALUES ('17', 'Elenora', 'Kiehn', 'epowlowski@example.org', '246');
INSERT INTO `users` (`id`, `firstname`, `lastname`, `email`, `phone`) VALUES ('18', 'Lelah', 'Harvey', 'mertz.granville@example.com', '906722');
INSERT INTO `users` (`id`, `firstname`, `lastname`, `email`, `phone`) VALUES ('19', 'Elwin', 'Brekke', 'viola47@example.org', '673677');
INSERT INTO `users` (`id`, `firstname`, `lastname`, `email`, `phone`) VALUES ('20', 'Coy', 'Wehner', 'macejkovic.denis@example.org', '0');
INSERT INTO `users` (`id`, `firstname`, `lastname`, `email`, `phone`) VALUES ('21', 'Avery', 'Casper', 'delilah.dubuque@example.net', '491');
INSERT INTO `users` (`id`, `firstname`, `lastname`, `email`, `phone`) VALUES ('22', 'Katheryn', 'Bruen', 'vkozey@example.org', '0');
INSERT INTO `users` (`id`, `firstname`, `lastname`, `email`, `phone`) VALUES ('23', 'Christian', 'Kautzer', 'toy.wilhelm@example.org', '225346');
INSERT INTO `users` (`id`, `firstname`, `lastname`, `email`, `phone`) VALUES ('24', 'Ally', 'Rutherford', 'crath@example.com', '8365934617');
INSERT INTO `users` (`id`, `firstname`, `lastname`, `email`, `phone`) VALUES ('25', 'Josianne', 'Jakubowski', 'lou93@example.com', '961384');
INSERT INTO `users` (`id`, `firstname`, `lastname`, `email`, `phone`) VALUES ('26', 'Antwan', 'Auer', 'watson52@example.net', '19');
INSERT INTO `users` (`id`, `firstname`, `lastname`, `email`, `phone`) VALUES ('27', 'Wilfred', 'Erdman', 'enrico.grant@example.org', '729709');
INSERT INTO `users` (`id`, `firstname`, `lastname`, `email`, `phone`) VALUES ('28', 'Ellis', 'Reichert', 'nicholaus.smitham@example.net', '210');
INSERT INTO `users` (`id`, `firstname`, `lastname`, `email`, `phone`) VALUES ('29', 'Merle', 'Lubowitz', 'king.monty@example.net', '241');
INSERT INTO `users` (`id`, `firstname`, `lastname`, `email`, `phone`) VALUES ('30', 'Imani', 'Bernier', 'lemke.rossie@example.com', '26');
INSERT INTO `users` (`id`, `firstname`, `lastname`, `email`, `phone`) VALUES ('31', 'Garnett', 'Ratke', 'eparker@example.net', '73');
INSERT INTO `users` (`id`, `firstname`, `lastname`, `email`, `phone`) VALUES ('32', 'Olga', 'Gleichner', 'arielle67@example.org', '363899');
INSERT INTO `users` (`id`, `firstname`, `lastname`, `email`, `phone`) VALUES ('33', 'Juanita', 'Schulist', 'sjacobi@example.org', '0');
INSERT INTO `users` (`id`, `firstname`, `lastname`, `email`, `phone`) VALUES ('34', 'Willard', 'Dietrich', 'ljohnston@example.com', '0');
INSERT INTO `users` (`id`, `firstname`, `lastname`, `email`, `phone`) VALUES ('35', 'Laurine', 'Olson', 'hnolan@example.net', '339');
INSERT INTO `users` (`id`, `firstname`, `lastname`, `email`, `phone`) VALUES ('36', 'Ephraim', 'Reichert', 'joaquin40@example.net', '1');
INSERT INTO `users` (`id`, `firstname`, `lastname`, `email`, `phone`) VALUES ('37', 'Edwin', 'Schulist', 'javon08@example.net', '0');
INSERT INTO `users` (`id`, `firstname`, `lastname`, `email`, `phone`) VALUES ('38', 'Zachery', 'Von', 'maegan60@example.net', '0');
INSERT INTO `users` (`id`, `firstname`, `lastname`, `email`, `phone`) VALUES ('39', 'Uriel', 'Mann', 'reinger.victoria@example.net', '282');
INSERT INTO `users` (`id`, `firstname`, `lastname`, `email`, `phone`) VALUES ('40', 'Jannie', 'Nitzsche', 'felicity.cormier@example.org', '1');
INSERT INTO `users` (`id`, `firstname`, `lastname`, `email`, `phone`) VALUES ('41', 'Anya', 'Pacocha', 'ephraim83@example.org', '590');
INSERT INTO `users` (`id`, `firstname`, `lastname`, `email`, `phone`) VALUES ('42', 'Dallin', 'Shanahan', 'marvin.frederique@example.org', '1');
INSERT INTO `users` (`id`, `firstname`, `lastname`, `email`, `phone`) VALUES ('43', 'Gerard', 'O\'Hara', 'qwyman@example.com', '41');
INSERT INTO `users` (`id`, `firstname`, `lastname`, `email`, `phone`) VALUES ('44', 'Arvel', 'Davis', 'fauer@example.com', '92588');
INSERT INTO `users` (`id`, `firstname`, `lastname`, `email`, `phone`) VALUES ('45', 'Lilyan', 'Walter', 'bart.feest@example.org', '0');
INSERT INTO `users` (`id`, `firstname`, `lastname`, `email`, `phone`) VALUES ('46', 'Jarod', 'Kling', 'floyd34@example.org', '0');
INSERT INTO `users` (`id`, `firstname`, `lastname`, `email`, `phone`) VALUES ('47', 'Esther', 'Koch', 'emanuel.predovic@example.net', '1');
INSERT INTO `users` (`id`, `firstname`, `lastname`, `email`, `phone`) VALUES ('48', 'Rory', 'Buckridge', 'vicenta21@example.org', '912');
INSERT INTO `users` (`id`, `firstname`, `lastname`, `email`, `phone`) VALUES ('49', 'Edwin', 'Stroman', 'ubarrows@example.com', '226');
INSERT INTO `users` (`id`, `firstname`, `lastname`, `email`, `phone`) VALUES ('50', 'Pearl', 'Jacobs', 'bruen.elna@example.org', '255');
INSERT INTO `users` (`id`, `firstname`, `lastname`, `email`, `phone`) VALUES ('51', 'Adolfo', 'Willms', 'deonte.baumbach@example.net', '6588859604');
INSERT INTO `users` (`id`, `firstname`, `lastname`, `email`, `phone`) VALUES ('52', 'Roselyn', 'Hoppe', 'graham.leslie@example.net', '465322');
INSERT INTO `users` (`id`, `firstname`, `lastname`, `email`, `phone`) VALUES ('53', 'Clementina', 'Osinski', 'idella77@example.com', '0');
INSERT INTO `users` (`id`, `firstname`, `lastname`, `email`, `phone`) VALUES ('54', 'Lee', 'Baumbach', 'salvatore.skiles@example.net', '894');
INSERT INTO `users` (`id`, `firstname`, `lastname`, `email`, `phone`) VALUES ('55', 'Vella', 'Welch', 'duane.wolff@example.net', '3033551229');
INSERT INTO `users` (`id`, `firstname`, `lastname`, `email`, `phone`) VALUES ('56', 'Madie', 'Kutch', 'harber.tyrell@example.com', '0');
INSERT INTO `users` (`id`, `firstname`, `lastname`, `email`, `phone`) VALUES ('57', 'Floy', 'Davis', 'walker.saul@example.net', '1');
INSERT INTO `users` (`id`, `firstname`, `lastname`, `email`, `phone`) VALUES ('58', 'Dahlia', 'Fay', 'earnest21@example.com', '572');
INSERT INTO `users` (`id`, `firstname`, `lastname`, `email`, `phone`) VALUES ('59', 'Candida', 'Strosin', 'ethelyn84@example.net', '1');
INSERT INTO `users` (`id`, `firstname`, `lastname`, `email`, `phone`) VALUES ('60', 'Marshall', 'Mosciski', 'feest.orpha@example.net', '234829');
INSERT INTO `users` (`id`, `firstname`, `lastname`, `email`, `phone`) VALUES ('61', 'Beverly', 'Cormier', 'rbeahan@example.org', '643732');
INSERT INTO `users` (`id`, `firstname`, `lastname`, `email`, `phone`) VALUES ('62', 'Emmitt', 'Tremblay', 'shane.beahan@example.org', '842897');
INSERT INTO `users` (`id`, `firstname`, `lastname`, `email`, `phone`) VALUES ('63', 'Collin', 'Kiehn', 'ejacobs@example.com', '1');
INSERT INTO `users` (`id`, `firstname`, `lastname`, `email`, `phone`) VALUES ('64', 'Lorenzo', 'McClure', 'melisa16@example.com', '678343');
INSERT INTO `users` (`id`, `firstname`, `lastname`, `email`, `phone`) VALUES ('65', 'Lincoln', 'Ullrich', 'zemlak.river@example.com', '159358');
INSERT INTO `users` (`id`, `firstname`, `lastname`, `email`, `phone`) VALUES ('66', 'Maye', 'Klein', 'ddare@example.net', '0');
INSERT INTO `users` (`id`, `firstname`, `lastname`, `email`, `phone`) VALUES ('67', 'Athena', 'Murphy', 'jaclyn36@example.net', '390');
INSERT INTO `users` (`id`, `firstname`, `lastname`, `email`, `phone`) VALUES ('68', 'Sabina', 'Bernhard', 'owiza@example.org', '0');
INSERT INTO `users` (`id`, `firstname`, `lastname`, `email`, `phone`) VALUES ('69', 'Danyka', 'Gleason', 'zieme.laurie@example.org', '6412498675');
INSERT INTO `users` (`id`, `firstname`, `lastname`, `email`, `phone`) VALUES ('70', 'Micaela', 'Kiehn', 'alison.bednar@example.net', '2005542431');
INSERT INTO `users` (`id`, `firstname`, `lastname`, `email`, `phone`) VALUES ('71', 'Jeanette', 'Davis', 'lkiehn@example.com', '0');
INSERT INTO `users` (`id`, `firstname`, `lastname`, `email`, `phone`) VALUES ('72', 'Justyn', 'Bednar', 'alycia.harber@example.net', '0');
INSERT INTO `users` (`id`, `firstname`, `lastname`, `email`, `phone`) VALUES ('73', 'Amely', 'Carroll', 'ana.wuckert@example.com', '1');
INSERT INTO `users` (`id`, `firstname`, `lastname`, `email`, `phone`) VALUES ('74', 'Ayla', 'Dickinson', 'novella38@example.net', '798');
INSERT INTO `users` (`id`, `firstname`, `lastname`, `email`, `phone`) VALUES ('75', 'Jacinthe', 'Farrell', 'vince.romaguera@example.com', '465266');
INSERT INTO `users` (`id`, `firstname`, `lastname`, `email`, `phone`) VALUES ('76', 'Winona', 'Rogahn', 'nathanial62@example.org', '0');
INSERT INTO `users` (`id`, `firstname`, `lastname`, `email`, `phone`) VALUES ('77', 'Dane', 'Beier', 'kreiger.berniece@example.net', '560425');
INSERT INTO `users` (`id`, `firstname`, `lastname`, `email`, `phone`) VALUES ('78', 'Camron', 'Quitzon', 'emely.smith@example.org', '204');
INSERT INTO `users` (`id`, `firstname`, `lastname`, `email`, `phone`) VALUES ('79', 'Forest', 'Schiller', 'lexie34@example.com', '538053');
INSERT INTO `users` (`id`, `firstname`, `lastname`, `email`, `phone`) VALUES ('80', 'Brandyn', 'Ledner', 'austin.yost@example.com', '585');
INSERT INTO `users` (`id`, `firstname`, `lastname`, `email`, `phone`) VALUES ('81', 'Erika', 'Schmeler', 'brock92@example.net', '223767');
INSERT INTO `users` (`id`, `firstname`, `lastname`, `email`, `phone`) VALUES ('82', 'Jedediah', 'Sporer', 'mmorissette@example.com', '500');
INSERT INTO `users` (`id`, `firstname`, `lastname`, `email`, `phone`) VALUES ('83', 'Kayleigh', 'Smith', 'vonrueden.odessa@example.org', '967');
INSERT INTO `users` (`id`, `firstname`, `lastname`, `email`, `phone`) VALUES ('84', 'Dulce', 'Little', 'lela55@example.net', '0');
INSERT INTO `users` (`id`, `firstname`, `lastname`, `email`, `phone`) VALUES ('85', 'Chester', 'Tremblay', 'reynolds.vella@example.org', '216403');
INSERT INTO `users` (`id`, `firstname`, `lastname`, `email`, `phone`) VALUES ('86', 'Herbert', 'Robel', 'wyatt42@example.com', '990522');
INSERT INTO `users` (`id`, `firstname`, `lastname`, `email`, `phone`) VALUES ('87', 'Mackenzie', 'McLaughlin', 'schaefer.martin@example.com', '20');
INSERT INTO `users` (`id`, `firstname`, `lastname`, `email`, `phone`) VALUES ('88', 'Yvette', 'Kuhlman', 'qgorczany@example.com', '314440');
INSERT INTO `users` (`id`, `firstname`, `lastname`, `email`, `phone`) VALUES ('89', 'Frederique', 'Kuphal', 'toy.turner@example.org', '400');
INSERT INTO `users` (`id`, `firstname`, `lastname`, `email`, `phone`) VALUES ('90', 'Keegan', 'Bailey', 'mitchell64@example.net', '0');
INSERT INTO `users` (`id`, `firstname`, `lastname`, `email`, `phone`) VALUES ('91', 'Cameron', 'Hauck', 'josianne63@example.net', '0');
INSERT INTO `users` (`id`, `firstname`, `lastname`, `email`, `phone`) VALUES ('92', 'George', 'Quitzon', 'shanna.treutel@example.org', '9575607473');
INSERT INTO `users` (`id`, `firstname`, `lastname`, `email`, `phone`) VALUES ('93', 'Gunnar', 'Turcotte', 'ythiel@example.com', '0');
INSERT INTO `users` (`id`, `firstname`, `lastname`, `email`, `phone`) VALUES ('94', 'Timothy', 'Kemmer', 'cristian12@example.net', '1');
INSERT INTO `users` (`id`, `firstname`, `lastname`, `email`, `phone`) VALUES ('95', 'General', 'Ledner', 'kautzer.curtis@example.org', '754');
INSERT INTO `users` (`id`, `firstname`, `lastname`, `email`, `phone`) VALUES ('96', 'Selmer', 'Gusikowski', 'garret.heathcote@example.org', '657');
INSERT INTO `users` (`id`, `firstname`, `lastname`, `email`, `phone`) VALUES ('97', 'Kameron', 'Bergstrom', 'barrows.cole@example.net', '0');
INSERT INTO `users` (`id`, `firstname`, `lastname`, `email`, `phone`) VALUES ('98', 'Gunner', 'Kozey', 'andy.durgan@example.net', '730739');
INSERT INTO `users` (`id`, `firstname`, `lastname`, `email`, `phone`) VALUES ('99', 'Deborah', 'Borer', 'zackery.murray@example.com', '0');
INSERT INTO `users` (`id`, `firstname`, `lastname`, `email`, `phone`) VALUES ('100', 'Noah', 'Fahey', 'effertz.prudence@example.org', '28');


#
# TABLE STRUCTURE FOR: users_communities
#

DROP TABLE IF EXISTS `users_communities`;

CREATE TABLE `users_communities` (
  `user_id` bigint(20) unsigned NOT NULL,
  `community_id` bigint(20) unsigned NOT NULL,
  PRIMARY KEY (`user_id`,`community_id`),
  KEY `community_id` (`community_id`),
  CONSTRAINT `users_communities_ibfk_1` FOREIGN KEY (`user_id`) REFERENCES `users` (`id`),
  CONSTRAINT `users_communities_ibfk_2` FOREIGN KEY (`community_id`) REFERENCES `communities` (`id`)
) ENGINE=InnoDB DEFAULT CHARSET=latin1;

INSERT INTO `users_communities` (`user_id`, `community_id`) VALUES ('1', '15');
INSERT INTO `users_communities` (`user_id`, `community_id`) VALUES ('3', '25');
INSERT INTO `users_communities` (`user_id`, `community_id`) VALUES ('3', '77');
INSERT INTO `users_communities` (`user_id`, `community_id`) VALUES ('6', '45');
INSERT INTO `users_communities` (`user_id`, `community_id`) VALUES ('6', '72');
INSERT INTO `users_communities` (`user_id`, `community_id`) VALUES ('6', '92');
INSERT INTO `users_communities` (`user_id`, `community_id`) VALUES ('9', '95');
INSERT INTO `users_communities` (`user_id`, `community_id`) VALUES ('12', '22');
INSERT INTO `users_communities` (`user_id`, `community_id`) VALUES ('12', '31');
INSERT INTO `users_communities` (`user_id`, `community_id`) VALUES ('12', '67');
INSERT INTO `users_communities` (`user_id`, `community_id`) VALUES ('13', '67');
INSERT INTO `users_communities` (`user_id`, `community_id`) VALUES ('14', '50');
INSERT INTO `users_communities` (`user_id`, `community_id`) VALUES ('14', '83');
INSERT INTO `users_communities` (`user_id`, `community_id`) VALUES ('15', '63');
INSERT INTO `users_communities` (`user_id`, `community_id`) VALUES ('15', '64');
INSERT INTO `users_communities` (`user_id`, `community_id`) VALUES ('16', '71');
INSERT INTO `users_communities` (`user_id`, `community_id`) VALUES ('17', '49');
INSERT INTO `users_communities` (`user_id`, `community_id`) VALUES ('20', '63');
INSERT INTO `users_communities` (`user_id`, `community_id`) VALUES ('20', '73');
INSERT INTO `users_communities` (`user_id`, `community_id`) VALUES ('21', '31');
INSERT INTO `users_communities` (`user_id`, `community_id`) VALUES ('21', '97');
INSERT INTO `users_communities` (`user_id`, `community_id`) VALUES ('25', '95');
INSERT INTO `users_communities` (`user_id`, `community_id`) VALUES ('26', '65');
INSERT INTO `users_communities` (`user_id`, `community_id`) VALUES ('28', '26');
INSERT INTO `users_communities` (`user_id`, `community_id`) VALUES ('28', '100');
INSERT INTO `users_communities` (`user_id`, `community_id`) VALUES ('30', '93');
INSERT INTO `users_communities` (`user_id`, `community_id`) VALUES ('31', '14');
INSERT INTO `users_communities` (`user_id`, `community_id`) VALUES ('33', '34');
INSERT INTO `users_communities` (`user_id`, `community_id`) VALUES ('34', '8');
INSERT INTO `users_communities` (`user_id`, `community_id`) VALUES ('34', '14');
INSERT INTO `users_communities` (`user_id`, `community_id`) VALUES ('34', '39');
INSERT INTO `users_communities` (`user_id`, `community_id`) VALUES ('39', '8');
INSERT INTO `users_communities` (`user_id`, `community_id`) VALUES ('41', '11');
INSERT INTO `users_communities` (`user_id`, `community_id`) VALUES ('42', '72');
INSERT INTO `users_communities` (`user_id`, `community_id`) VALUES ('42', '74');
INSERT INTO `users_communities` (`user_id`, `community_id`) VALUES ('43', '5');
INSERT INTO `users_communities` (`user_id`, `community_id`) VALUES ('43', '29');
INSERT INTO `users_communities` (`user_id`, `community_id`) VALUES ('43', '54');
INSERT INTO `users_communities` (`user_id`, `community_id`) VALUES ('45', '15');
INSERT INTO `users_communities` (`user_id`, `community_id`) VALUES ('45', '71');
INSERT INTO `users_communities` (`user_id`, `community_id`) VALUES ('46', '15');
INSERT INTO `users_communities` (`user_id`, `community_id`) VALUES ('47', '92');
INSERT INTO `users_communities` (`user_id`, `community_id`) VALUES ('48', '52');
INSERT INTO `users_communities` (`user_id`, `community_id`) VALUES ('49', '53');
INSERT INTO `users_communities` (`user_id`, `community_id`) VALUES ('50', '34');
INSERT INTO `users_communities` (`user_id`, `community_id`) VALUES ('52', '65');
INSERT INTO `users_communities` (`user_id`, `community_id`) VALUES ('53', '1');
INSERT INTO `users_communities` (`user_id`, `community_id`) VALUES ('53', '13');
INSERT INTO `users_communities` (`user_id`, `community_id`) VALUES ('55', '41');
INSERT INTO `users_communities` (`user_id`, `community_id`) VALUES ('56', '11');
INSERT INTO `users_communities` (`user_id`, `community_id`) VALUES ('56', '76');
INSERT INTO `users_communities` (`user_id`, `community_id`) VALUES ('58', '30');
INSERT INTO `users_communities` (`user_id`, `community_id`) VALUES ('59', '17');
INSERT INTO `users_communities` (`user_id`, `community_id`) VALUES ('59', '28');
INSERT INTO `users_communities` (`user_id`, `community_id`) VALUES ('59', '91');
INSERT INTO `users_communities` (`user_id`, `community_id`) VALUES ('60', '55');
INSERT INTO `users_communities` (`user_id`, `community_id`) VALUES ('62', '43');
INSERT INTO `users_communities` (`user_id`, `community_id`) VALUES ('63', '31');
INSERT INTO `users_communities` (`user_id`, `community_id`) VALUES ('64', '12');
INSERT INTO `users_communities` (`user_id`, `community_id`) VALUES ('65', '25');
INSERT INTO `users_communities` (`user_id`, `community_id`) VALUES ('66', '86');
INSERT INTO `users_communities` (`user_id`, `community_id`) VALUES ('67', '19');
INSERT INTO `users_communities` (`user_id`, `community_id`) VALUES ('69', '60');
INSERT INTO `users_communities` (`user_id`, `community_id`) VALUES ('70', '62');
INSERT INTO `users_communities` (`user_id`, `community_id`) VALUES ('70', '72');
INSERT INTO `users_communities` (`user_id`, `community_id`) VALUES ('72', '16');
INSERT INTO `users_communities` (`user_id`, `community_id`) VALUES ('73', '31');
INSERT INTO `users_communities` (`user_id`, `community_id`) VALUES ('73', '90');
INSERT INTO `users_communities` (`user_id`, `community_id`) VALUES ('73', '98');
INSERT INTO `users_communities` (`user_id`, `community_id`) VALUES ('77', '46');
INSERT INTO `users_communities` (`user_id`, `community_id`) VALUES ('77', '68');
INSERT INTO `users_communities` (`user_id`, `community_id`) VALUES ('78', '76');
INSERT INTO `users_communities` (`user_id`, `community_id`) VALUES ('80', '96');
INSERT INTO `users_communities` (`user_id`, `community_id`) VALUES ('81', '4');
INSERT INTO `users_communities` (`user_id`, `community_id`) VALUES ('82', '44');
INSERT INTO `users_communities` (`user_id`, `community_id`) VALUES ('82', '100');
INSERT INTO `users_communities` (`user_id`, `community_id`) VALUES ('83', '18');
INSERT INTO `users_communities` (`user_id`, `community_id`) VALUES ('83', '34');
INSERT INTO `users_communities` (`user_id`, `community_id`) VALUES ('84', '30');
INSERT INTO `users_communities` (`user_id`, `community_id`) VALUES ('85', '72');
INSERT INTO `users_communities` (`user_id`, `community_id`) VALUES ('86', '1');
INSERT INTO `users_communities` (`user_id`, `community_id`) VALUES ('87', '41');
INSERT INTO `users_communities` (`user_id`, `community_id`) VALUES ('88', '15');
INSERT INTO `users_communities` (`user_id`, `community_id`) VALUES ('88', '44');
INSERT INTO `users_communities` (`user_id`, `community_id`) VALUES ('88', '46');
INSERT INTO `users_communities` (`user_id`, `community_id`) VALUES ('88', '99');
INSERT INTO `users_communities` (`user_id`, `community_id`) VALUES ('89', '76');
INSERT INTO `users_communities` (`user_id`, `community_id`) VALUES ('91', '56');
INSERT INTO `users_communities` (`user_id`, `community_id`) VALUES ('91', '79');
INSERT INTO `users_communities` (`user_id`, `community_id`) VALUES ('92', '52');
INSERT INTO `users_communities` (`user_id`, `community_id`) VALUES ('94', '32');
INSERT INTO `users_communities` (`user_id`, `community_id`) VALUES ('94', '33');
INSERT INTO `users_communities` (`user_id`, `community_id`) VALUES ('94', '42');
INSERT INTO `users_communities` (`user_id`, `community_id`) VALUES ('96', '84');
INSERT INTO `users_communities` (`user_id`, `community_id`) VALUES ('98', '61');
INSERT INTO `users_communities` (`user_id`, `community_id`) VALUES ('98', '73');
INSERT INTO `users_communities` (`user_id`, `community_id`) VALUES ('98', '86');
INSERT INTO `users_communities` (`user_id`, `community_id`) VALUES ('100', '83');


#
# TABLE STRUCTURE FOR: users_posts
#

DROP TABLE IF EXISTS `users_posts`;

CREATE TABLE `users_posts` (
  `id` bigint(20) unsigned NOT NULL AUTO_INCREMENT,
  `user_id` bigint(20) unsigned NOT NULL,
  `body` text DEFAULT NULL,
  `created_at` datetime DEFAULT current_timestamp(),
  `updated_at` datetime DEFAULT current_timestamp() ON UPDATE current_timestamp(),
  PRIMARY KEY (`id`),
  UNIQUE KEY `id` (`id`),
  KEY `user_id` (`user_id`),
  CONSTRAINT `users_posts_ibfk_1` FOREIGN KEY (`user_id`) REFERENCES `users` (`id`)
) ENGINE=InnoDB AUTO_INCREMENT=101 DEFAULT CHARSET=latin1;

INSERT INTO `users_posts` (`id`, `user_id`, `body`, `created_at`, `updated_at`) VALUES ('1', '80', 'Modi eveniet ut voluptas dolorum delectus modi. Aut dolores nihil ullam labore iste. Quis ut numquam sunt illum adipisci earum nihil. Officiis nobis sed hic nesciunt veritatis.', '1999-01-07 03:44:43', '2020-05-31 09:00:49');
INSERT INTO `users_posts` (`id`, `user_id`, `body`, `created_at`, `updated_at`) VALUES ('2', '39', 'Aut eos quos et laboriosam. Id at laborum et fugit. Sint sunt labore voluptatibus provident voluptatem illum.', '1990-07-01 20:05:30', '2020-05-31 09:00:49');
INSERT INTO `users_posts` (`id`, `user_id`, `body`, `created_at`, `updated_at`) VALUES ('3', '63', 'Totam iure ut atque. Expedita perferendis tempore veritatis aut sit dolorum. Earum et et sit autem aperiam possimus nulla.', '2016-10-13 22:49:23', '2020-05-31 09:00:49');
INSERT INTO `users_posts` (`id`, `user_id`, `body`, `created_at`, `updated_at`) VALUES ('4', '16', 'Modi voluptate dolorem ad itaque. Ut rerum velit eos quo placeat officia. Fuga sunt explicabo autem exercitationem recusandae sunt labore.', '2002-02-25 11:35:05', '2020-05-31 09:00:49');
INSERT INTO `users_posts` (`id`, `user_id`, `body`, `created_at`, `updated_at`) VALUES ('5', '23', 'Id illum est in facere quis. Et et voluptatem facere non. Enim aut odio rerum quae quo nemo voluptatem magni. Illum tenetur aut beatae doloremque quam amet voluptates. Harum quidem qui dolorem quia distinctio.', '1986-09-11 19:21:26', '2020-05-31 09:00:49');
INSERT INTO `users_posts` (`id`, `user_id`, `body`, `created_at`, `updated_at`) VALUES ('6', '48', 'Voluptatum sed sit voluptas non vero. Quaerat vel tempore neque maxime. Et quo voluptates soluta ut. Hic exercitationem in quidem ipsum.', '2012-05-26 18:24:01', '2020-05-31 09:00:49');
INSERT INTO `users_posts` (`id`, `user_id`, `body`, `created_at`, `updated_at`) VALUES ('7', '4', 'Et in fugit eius rerum ipsam tempora omnis. Rerum omnis deleniti doloremque minus velit sed. Mollitia excepturi et recusandae magni architecto. Deserunt nihil accusantium sint adipisci.', '1973-03-31 20:40:39', '2020-05-31 09:00:49');
INSERT INTO `users_posts` (`id`, `user_id`, `body`, `created_at`, `updated_at`) VALUES ('8', '59', 'Laborum ut provident necessitatibus quae. Officia veritatis sequi deleniti rerum autem ullam iste.', '1992-01-12 00:23:35', '2020-05-31 09:00:49');
INSERT INTO `users_posts` (`id`, `user_id`, `body`, `created_at`, `updated_at`) VALUES ('9', '90', 'Asperiores officiis dignissimos aut consequatur. Nobis est et at. Sequi inventore et aut temporibus doloremque. Itaque numquam et facilis non.', '1982-08-02 07:29:07', '2020-05-31 09:00:49');
INSERT INTO `users_posts` (`id`, `user_id`, `body`, `created_at`, `updated_at`) VALUES ('10', '90', 'Excepturi incidunt nulla nihil quis esse. Sint deleniti odit eos exercitationem animi quia. Et similique voluptatem perferendis explicabo nulla sed quis. Assumenda sint explicabo accusantium excepturi et. Autem et sit fugit repudiandae dicta tenetur.', '1978-08-17 21:06:16', '2020-05-31 09:00:49');
INSERT INTO `users_posts` (`id`, `user_id`, `body`, `created_at`, `updated_at`) VALUES ('11', '49', 'Aut laborum natus qui similique quia ut. Fuga et qui dolorem rerum et. Enim reprehenderit rerum reiciendis et reiciendis nisi. Cumque aut reprehenderit nemo quaerat quo.', '1996-08-17 12:39:37', '2020-05-31 09:00:49');
INSERT INTO `users_posts` (`id`, `user_id`, `body`, `created_at`, `updated_at`) VALUES ('12', '28', 'Quisquam excepturi consectetur labore commodi sed. Et numquam consequatur et ea autem corrupti optio. Modi nobis in fugiat dolorem et. Aspernatur quisquam eveniet fugit ut fugit voluptatem qui aut.', '1974-09-07 19:01:32', '2020-05-31 09:00:49');
INSERT INTO `users_posts` (`id`, `user_id`, `body`, `created_at`, `updated_at`) VALUES ('13', '47', 'Ducimus esse vel cupiditate velit rerum omnis. Et quod est quis vero error impedit. Cupiditate qui omnis et consequuntur cupiditate dolor assumenda. Perspiciatis expedita explicabo possimus aliquam qui sint. Dolorem consequatur vel ratione.', '2014-07-13 11:38:08', '2020-05-31 09:00:49');
INSERT INTO `users_posts` (`id`, `user_id`, `body`, `created_at`, `updated_at`) VALUES ('14', '17', 'Molestiae maiores quis eveniet sint suscipit molestiae enim. Quam voluptas a voluptatem non dolores accusamus. Natus quo aperiam temporibus nihil non modi id.', '1987-02-22 14:07:47', '2020-05-31 09:00:49');
INSERT INTO `users_posts` (`id`, `user_id`, `body`, `created_at`, `updated_at`) VALUES ('15', '63', 'Pariatur aut voluptate et at. Repudiandae id itaque iure. Voluptatem ea hic aut.', '2005-01-21 06:01:27', '2020-05-31 09:00:49');
INSERT INTO `users_posts` (`id`, `user_id`, `body`, `created_at`, `updated_at`) VALUES ('16', '69', 'Voluptatem magnam dolorum dicta. Maiores sint et sunt ipsa enim omnis sed. Corporis ut doloremque libero alias saepe. Error optio commodi quisquam et quos voluptas.', '2005-11-03 07:01:14', '2020-05-31 09:00:49');
INSERT INTO `users_posts` (`id`, `user_id`, `body`, `created_at`, `updated_at`) VALUES ('17', '99', 'Corporis praesentium quaerat porro adipisci quo. Hic ut accusamus corporis repudiandae. Unde unde qui natus.', '1977-02-03 12:46:08', '2020-05-31 09:00:49');
INSERT INTO `users_posts` (`id`, `user_id`, `body`, `created_at`, `updated_at`) VALUES ('18', '87', 'Nobis voluptatem sed eius perspiciatis. Voluptatem dignissimos et eos ut eaque et. Sunt doloribus commodi dolore ducimus temporibus aspernatur.', '1982-02-22 13:43:04', '2020-05-31 09:00:49');
INSERT INTO `users_posts` (`id`, `user_id`, `body`, `created_at`, `updated_at`) VALUES ('19', '15', 'Quia necessitatibus beatae qui nulla quod dolore quas ut. Quia aut sapiente sed voluptas possimus et. Facere ullam laborum et reiciendis dolores quia. Et ducimus rerum ex. Tempora occaecati nobis ipsa fuga ab minus et illo.', '1976-05-02 03:34:23', '2020-05-31 09:00:49');
INSERT INTO `users_posts` (`id`, `user_id`, `body`, `created_at`, `updated_at`) VALUES ('20', '22', 'Nesciunt natus modi sunt tempore incidunt laborum. Et qui iste sed. Porro et tempora itaque excepturi.', '2018-10-08 08:26:26', '2020-05-31 09:00:49');
INSERT INTO `users_posts` (`id`, `user_id`, `body`, `created_at`, `updated_at`) VALUES ('21', '84', 'Doloremque voluptatem quasi occaecati a sint accusamus mollitia. Dolor itaque error eaque nobis omnis velit harum. Corrupti ratione sint voluptatem voluptas saepe aliquid in sed. Consequatur ad optio accusantium aut non.', '2017-06-14 06:03:22', '2020-05-31 09:00:49');
INSERT INTO `users_posts` (`id`, `user_id`, `body`, `created_at`, `updated_at`) VALUES ('22', '30', 'Qui vero cum atque. Officia deleniti quia consequatur distinctio autem voluptatum id. Omnis minima modi sit omnis odio. Eum dolorem assumenda accusantium adipisci.', '2015-09-23 16:23:51', '2020-05-31 09:00:49');
INSERT INTO `users_posts` (`id`, `user_id`, `body`, `created_at`, `updated_at`) VALUES ('23', '23', 'At quia impedit quos eveniet. Et rerum dolores nobis ut. Ducimus architecto quam veniam sit.', '2002-01-31 01:26:03', '2020-05-31 09:00:49');
INSERT INTO `users_posts` (`id`, `user_id`, `body`, `created_at`, `updated_at`) VALUES ('24', '14', 'Consequatur officiis reiciendis aut vitae. Dolor inventore cum veniam. Iure rerum ea doloremque provident commodi autem. Consequatur inventore fugit laudantium tempora sunt molestiae.', '2011-01-24 15:57:16', '2020-05-31 09:00:49');
INSERT INTO `users_posts` (`id`, `user_id`, `body`, `created_at`, `updated_at`) VALUES ('25', '2', 'Maxime veniam facilis expedita rem. Necessitatibus ut eum placeat quo et et. Dolor at id et fugiat blanditiis.', '2001-03-15 05:46:49', '2020-05-31 09:00:49');
INSERT INTO `users_posts` (`id`, `user_id`, `body`, `created_at`, `updated_at`) VALUES ('26', '91', 'Ut totam facilis delectus repellendus sapiente. Quidem dolores minus et. Et eius voluptatem est cum natus tenetur laudantium.', '2003-01-22 03:55:05', '2020-05-31 09:00:49');
INSERT INTO `users_posts` (`id`, `user_id`, `body`, `created_at`, `updated_at`) VALUES ('27', '84', 'Dolorem a odio quia dolorum est repellendus autem. Tempora cum rem repellat vel laborum. Quis illum perspiciatis enim enim veritatis autem. Aut et aliquid quia ipsam.', '2000-03-05 01:30:51', '2020-05-31 09:00:49');
INSERT INTO `users_posts` (`id`, `user_id`, `body`, `created_at`, `updated_at`) VALUES ('28', '35', 'Tenetur est id ut consequatur et asperiores. Impedit esse voluptas ut at iusto maiores pariatur. Eveniet et iure ipsa consequatur optio quis. Deserunt tenetur quia animi libero voluptatem saepe.', '2003-01-10 16:00:19', '2020-05-31 09:00:49');
INSERT INTO `users_posts` (`id`, `user_id`, `body`, `created_at`, `updated_at`) VALUES ('29', '7', 'Aliquam voluptates illum repudiandae sit et sed eligendi. Architecto deleniti amet dignissimos autem soluta rerum autem.', '2011-11-29 11:55:58', '2020-05-31 09:00:49');
INSERT INTO `users_posts` (`id`, `user_id`, `body`, `created_at`, `updated_at`) VALUES ('30', '5', 'Mollitia quisquam ex maiores minima tempore. At quisquam rerum facere labore aspernatur fuga at consequatur. Molestias aliquam rerum nihil deserunt. Ut voluptas et sunt saepe quam.', '2003-02-24 03:13:26', '2020-05-31 09:00:49');
INSERT INTO `users_posts` (`id`, `user_id`, `body`, `created_at`, `updated_at`) VALUES ('31', '19', 'Debitis expedita dicta neque et aut excepturi qui pariatur. Dolore autem officiis fuga fugiat dignissimos aliquam. Non hic rerum quas necessitatibus. Nam consequuntur maiores ut ea explicabo earum.', '2014-04-01 11:04:40', '2020-05-31 09:00:49');
INSERT INTO `users_posts` (`id`, `user_id`, `body`, `created_at`, `updated_at`) VALUES ('32', '86', 'Dolorum et nihil fugiat optio. Porro tempore iure quisquam voluptatem sit molestiae ad qui. Officia perspiciatis accusamus ut et provident et numquam. Enim recusandae est praesentium suscipit quis reiciendis saepe. Nam quod consequatur et.', '1993-04-23 16:52:47', '2020-05-31 09:00:49');
INSERT INTO `users_posts` (`id`, `user_id`, `body`, `created_at`, `updated_at`) VALUES ('33', '43', 'Excepturi atque voluptatum consequuntur in. Eos impedit dolor voluptatem accusantium delectus et neque vero. Iusto modi facere tenetur recusandae est.', '2017-09-04 14:21:08', '2020-05-31 09:00:49');
INSERT INTO `users_posts` (`id`, `user_id`, `body`, `created_at`, `updated_at`) VALUES ('34', '82', 'Velit distinctio vel excepturi. Magnam error consequatur rem molestiae eos at in.', '1982-05-01 17:36:30', '2020-05-31 09:00:49');
INSERT INTO `users_posts` (`id`, `user_id`, `body`, `created_at`, `updated_at`) VALUES ('35', '2', 'Impedit nulla culpa quae nesciunt ut eos dolores. Est labore molestiae et amet qui. Quos sint quo dolores voluptatem dolor nobis.', '2000-06-15 15:34:27', '2020-05-31 09:00:49');
INSERT INTO `users_posts` (`id`, `user_id`, `body`, `created_at`, `updated_at`) VALUES ('36', '66', 'Odio enim et consequatur rerum. Molestias labore dignissimos architecto est perferendis aliquam. Fuga ea ut neque quas neque. Voluptatem in asperiores accusantium.', '1995-01-20 19:56:34', '2020-05-31 09:00:49');
INSERT INTO `users_posts` (`id`, `user_id`, `body`, `created_at`, `updated_at`) VALUES ('37', '29', 'Repudiandae commodi est exercitationem vitae est. Non quibusdam voluptas architecto ratione nihil quia voluptates. Ut soluta sit necessitatibus tempora suscipit error commodi.', '1994-12-28 15:17:41', '2020-05-31 09:00:49');
INSERT INTO `users_posts` (`id`, `user_id`, `body`, `created_at`, `updated_at`) VALUES ('38', '5', 'Itaque aut quis voluptas quia placeat sed mollitia. Ducimus repellendus quo ex sunt consequuntur molestiae. Labore aut nihil eos odit error. Molestiae libero similique qui accusamus ducimus.', '2008-03-26 07:28:57', '2020-05-31 09:00:49');
INSERT INTO `users_posts` (`id`, `user_id`, `body`, `created_at`, `updated_at`) VALUES ('39', '25', 'Omnis sint ut repudiandae dolore. Provident praesentium reprehenderit ducimus. Voluptatem est recusandae et repudiandae rem. Earum totam inventore voluptas quae.', '1998-05-05 12:48:31', '2020-05-31 09:00:49');
INSERT INTO `users_posts` (`id`, `user_id`, `body`, `created_at`, `updated_at`) VALUES ('40', '19', 'Est natus aperiam reiciendis tempore assumenda. Libero cum adipisci et blanditiis accusamus molestiae. Amet voluptas esse cupiditate mollitia qui sed.', '1979-07-01 11:02:36', '2020-05-31 09:00:49');
INSERT INTO `users_posts` (`id`, `user_id`, `body`, `created_at`, `updated_at`) VALUES ('41', '94', 'Dolorem facilis ipsam debitis facilis pariatur ab fugit. Sed autem ut assumenda earum quo amet.', '1988-12-10 13:25:44', '2020-05-31 09:00:49');
INSERT INTO `users_posts` (`id`, `user_id`, `body`, `created_at`, `updated_at`) VALUES ('42', '73', 'Neque quis architecto quo ut dicta nihil. Ut quis rerum pariatur a facilis molestiae. Provident totam nemo quia totam saepe veniam libero. Ipsam quo ut ut iusto et exercitationem voluptas. Aliquam at ut fugit suscipit.', '2019-07-28 03:48:37', '2020-05-31 09:00:49');
INSERT INTO `users_posts` (`id`, `user_id`, `body`, `created_at`, `updated_at`) VALUES ('43', '46', 'Dolore expedita eos asperiores libero architecto alias eligendi. Unde est voluptate expedita eveniet et quo molestiae eveniet. Facilis ut quo sequi. Optio voluptas illo aut aut dolor.', '1990-06-19 04:31:23', '2020-05-31 09:00:49');
INSERT INTO `users_posts` (`id`, `user_id`, `body`, `created_at`, `updated_at`) VALUES ('44', '41', 'Dolor ad ut et cum ipsum ex. Dolorum nam aut et earum rerum. Aliquam aut praesentium quo tenetur recusandae.', '1982-11-29 12:42:19', '2020-05-31 09:00:49');
INSERT INTO `users_posts` (`id`, `user_id`, `body`, `created_at`, `updated_at`) VALUES ('45', '89', 'Soluta sed sapiente beatae asperiores qui veritatis sed temporibus. Ut et neque ab. Et non repudiandae numquam quisquam. A voluptatem odio et enim rem.', '2007-05-07 22:06:38', '2020-05-31 09:00:49');
INSERT INTO `users_posts` (`id`, `user_id`, `body`, `created_at`, `updated_at`) VALUES ('46', '9', 'Quibusdam perspiciatis repellendus vitae voluptatem. Adipisci rerum quos eaque nulla nobis impedit odit. Ut alias possimus est aut fugit et qui.', '1982-06-16 09:51:29', '2020-05-31 09:00:49');
INSERT INTO `users_posts` (`id`, `user_id`, `body`, `created_at`, `updated_at`) VALUES ('47', '10', 'Sit deleniti ut explicabo voluptatem id. Provident est optio laudantium repellendus qui nam corrupti dolores. Itaque laboriosam eveniet ea nobis recusandae at.', '2007-02-06 01:40:11', '2020-05-31 09:00:49');
INSERT INTO `users_posts` (`id`, `user_id`, `body`, `created_at`, `updated_at`) VALUES ('48', '87', 'Illum sit sit autem corporis. Corporis enim vero deleniti non non dolorum adipisci. Et voluptates eveniet accusamus harum aliquam atque.', '1974-05-02 09:36:21', '2020-05-31 09:00:49');
INSERT INTO `users_posts` (`id`, `user_id`, `body`, `created_at`, `updated_at`) VALUES ('49', '95', 'Maxime necessitatibus neque sed neque sunt at. Quisquam ad dolores nulla. Officia qui quis quod et ducimus ad.', '1988-02-14 01:27:50', '2020-05-31 09:00:49');
INSERT INTO `users_posts` (`id`, `user_id`, `body`, `created_at`, `updated_at`) VALUES ('50', '25', 'Quod harum et porro quasi est aliquid omnis sit. Molestias ad aliquam consequatur quisquam veritatis pariatur.', '1974-08-02 04:59:06', '2020-05-31 09:00:49');
INSERT INTO `users_posts` (`id`, `user_id`, `body`, `created_at`, `updated_at`) VALUES ('51', '8', 'Accusantium atque aut ut quia omnis distinctio libero doloribus. Est quia tempora vero tempora maiores. Facere recusandae distinctio id qui consequatur et.', '2009-09-05 14:52:34', '2020-05-31 09:00:49');
INSERT INTO `users_posts` (`id`, `user_id`, `body`, `created_at`, `updated_at`) VALUES ('52', '79', 'Libero non inventore cum recusandae architecto. Non voluptatem aliquid et qui. Perspiciatis voluptatum quo aut adipisci qui.', '2011-02-23 20:34:44', '2020-05-31 09:00:49');
INSERT INTO `users_posts` (`id`, `user_id`, `body`, `created_at`, `updated_at`) VALUES ('53', '55', 'Fugit error qui velit laudantium itaque. Omnis quidem atque perferendis magnam quia molestiae. Ut distinctio sequi est rem expedita. Eius sunt qui dolores nobis voluptatem officiis. Voluptatum ducimus dolorem exercitationem dolor.', '2016-08-10 22:15:42', '2020-05-31 09:00:49');
INSERT INTO `users_posts` (`id`, `user_id`, `body`, `created_at`, `updated_at`) VALUES ('54', '31', 'Excepturi provident consectetur quidem ut. Laborum tempora distinctio et aut quia. Distinctio culpa nisi ad laboriosam. Aut omnis aliquam dolor quas quo.', '2005-05-12 22:10:13', '2020-05-31 09:00:49');
INSERT INTO `users_posts` (`id`, `user_id`, `body`, `created_at`, `updated_at`) VALUES ('55', '93', 'Ut rem quod cum iste. Provident ducimus nemo minus provident corrupti pariatur. Inventore nam quo quos soluta aliquam quis dolores debitis.', '2008-04-25 23:56:02', '2020-05-31 09:00:49');
INSERT INTO `users_posts` (`id`, `user_id`, `body`, `created_at`, `updated_at`) VALUES ('56', '56', 'Dolor illo qui sed porro. Ea quis quis voluptatem. Rerum sunt aliquam ut sint quasi at. Laboriosam autem et distinctio sint voluptates voluptates est.', '1994-01-13 10:08:50', '2020-05-31 09:00:49');
INSERT INTO `users_posts` (`id`, `user_id`, `body`, `created_at`, `updated_at`) VALUES ('57', '21', 'Quis blanditiis accusantium itaque culpa accusamus nostrum eum. Ea voluptas distinctio sed. Et quaerat voluptatibus commodi odio molestiae similique occaecati quia. Similique ea facilis modi cupiditate error doloremque quia ut.', '1981-01-23 14:56:34', '2020-05-31 09:00:49');
INSERT INTO `users_posts` (`id`, `user_id`, `body`, `created_at`, `updated_at`) VALUES ('58', '76', 'Sed odio id tenetur illum et et. Molestiae repellat totam nostrum veritatis aut. Qui nam voluptates eos sed.', '2010-03-24 08:42:29', '2020-05-31 09:00:49');
INSERT INTO `users_posts` (`id`, `user_id`, `body`, `created_at`, `updated_at`) VALUES ('59', '90', 'Velit aut occaecati eveniet provident. Natus nihil doloremque perspiciatis debitis quidem et. Odio non aut sed dolores eum.', '2007-06-09 02:39:37', '2020-05-31 09:00:49');
INSERT INTO `users_posts` (`id`, `user_id`, `body`, `created_at`, `updated_at`) VALUES ('60', '28', 'Suscipit architecto fugiat labore eum nihil. Ad nulla et aspernatur deserunt repellat enim voluptatem. Consectetur placeat sit molestiae voluptatibus voluptas quia.', '2014-07-06 17:48:01', '2020-05-31 09:00:49');
INSERT INTO `users_posts` (`id`, `user_id`, `body`, `created_at`, `updated_at`) VALUES ('61', '80', 'Eum cum iusto rerum. Et consequatur eum voluptas saepe et impedit. Saepe qui sint reprehenderit labore. Et modi ut voluptatum a distinctio.', '2000-10-11 04:00:51', '2020-05-31 09:00:49');
INSERT INTO `users_posts` (`id`, `user_id`, `body`, `created_at`, `updated_at`) VALUES ('62', '9', 'Adipisci quas natus fuga excepturi accusamus. Ducimus repudiandae officia quis voluptas maiores. Nobis perferendis ipsum animi quae recusandae enim quidem.', '1974-05-21 10:34:40', '2020-05-31 09:00:49');
INSERT INTO `users_posts` (`id`, `user_id`, `body`, `created_at`, `updated_at`) VALUES ('63', '13', 'Maxime nisi in laudantium tempore mollitia voluptatem dignissimos. Dignissimos atque sequi perferendis adipisci consequatur voluptas non. Odit neque unde architecto rerum distinctio magni assumenda. Voluptatem esse dignissimos provident molestiae ut eum. Voluptatem ut omnis est nam.', '2012-04-11 04:11:44', '2020-05-31 09:00:49');
INSERT INTO `users_posts` (`id`, `user_id`, `body`, `created_at`, `updated_at`) VALUES ('64', '23', 'Error eos soluta sed rerum inventore. Qui nemo blanditiis velit odio voluptatum. Voluptate et facere minus unde qui animi. Omnis laboriosam debitis est voluptatem.', '1980-02-26 20:52:51', '2020-05-31 09:00:49');
INSERT INTO `users_posts` (`id`, `user_id`, `body`, `created_at`, `updated_at`) VALUES ('65', '90', 'Eaque voluptatem sed nihil odit numquam ullam. Excepturi eos rerum delectus voluptas. Et molestias sit rerum et. Qui dicta pariatur facere possimus voluptatem est at.', '1974-08-25 09:13:05', '2020-05-31 09:00:49');
INSERT INTO `users_posts` (`id`, `user_id`, `body`, `created_at`, `updated_at`) VALUES ('66', '15', 'Maiores enim eligendi maxime qui. Aspernatur nesciunt voluptatum eaque vero ut eaque. Ut itaque eius explicabo nobis.', '1988-02-10 10:07:17', '2020-05-31 09:00:49');
INSERT INTO `users_posts` (`id`, `user_id`, `body`, `created_at`, `updated_at`) VALUES ('67', '88', 'Et nisi et quisquam aliquam. Cupiditate qui quaerat quas adipisci blanditiis ducimus. Unde quam dolore molestiae quae.', '1999-10-10 15:39:37', '2020-05-31 09:00:49');
INSERT INTO `users_posts` (`id`, `user_id`, `body`, `created_at`, `updated_at`) VALUES ('68', '19', 'Veritatis ab in voluptatem autem aliquid ut. Eaque ut odit quam deleniti eos omnis dicta. Cumque impedit necessitatibus perferendis exercitationem cupiditate ut.', '2006-06-20 02:38:55', '2020-05-31 09:00:49');
INSERT INTO `users_posts` (`id`, `user_id`, `body`, `created_at`, `updated_at`) VALUES ('69', '19', 'Cumque laboriosam dolor et labore et. Placeat consequatur aspernatur et fuga asperiores magni. Excepturi velit magni tempora enim tenetur dolore culpa. Sed provident enim saepe repellat error optio tempora.', '1989-05-01 10:35:59', '2020-05-31 09:00:49');
INSERT INTO `users_posts` (`id`, `user_id`, `body`, `created_at`, `updated_at`) VALUES ('70', '12', 'Architecto inventore et quo id commodi. Et et officiis expedita provident et. Ipsum dolores ut error sed voluptatem est.', '1993-12-17 23:55:40', '2020-05-31 09:00:49');
INSERT INTO `users_posts` (`id`, `user_id`, `body`, `created_at`, `updated_at`) VALUES ('71', '37', 'Et illum odit quam adipisci. Ab magnam omnis ipsam magni. Aliquid eligendi consequatur quod quo sit tempore qui et. Doloremque optio sequi expedita perspiciatis.', '1989-02-25 11:03:05', '2020-05-31 09:00:49');
INSERT INTO `users_posts` (`id`, `user_id`, `body`, `created_at`, `updated_at`) VALUES ('72', '13', 'Nulla soluta error ea tenetur voluptatibus non et. Molestias cupiditate et ratione quis.', '1976-03-02 23:16:49', '2020-05-31 09:00:49');
INSERT INTO `users_posts` (`id`, `user_id`, `body`, `created_at`, `updated_at`) VALUES ('73', '84', 'Blanditiis minima natus eligendi sint in. Nihil illo ullam autem repudiandae dolor ea dolorum. Non repellat et quia sint sint. Rerum pariatur voluptatem error vitae quidem et.', '1980-01-10 19:36:15', '2020-05-31 09:00:49');
INSERT INTO `users_posts` (`id`, `user_id`, `body`, `created_at`, `updated_at`) VALUES ('74', '83', 'Error voluptatibus voluptatem quia optio. Magnam asperiores vitae esse fugit et id quod. Eum in aut non.', '2003-10-03 08:48:16', '2020-05-31 09:00:49');
INSERT INTO `users_posts` (`id`, `user_id`, `body`, `created_at`, `updated_at`) VALUES ('75', '54', 'Repudiandae facere repellat sed est. Dolorem qui ut tenetur ut. Eaque ut deserunt molestiae nihil dolorum. Veritatis quo atque saepe repudiandae illum.', '1970-01-01 03:33:28', '2020-05-31 09:00:49');
INSERT INTO `users_posts` (`id`, `user_id`, `body`, `created_at`, `updated_at`) VALUES ('76', '72', 'Recusandae et fuga optio possimus ea. Nisi et consectetur numquam et dolorem occaecati et.', '1998-01-09 13:53:36', '2020-05-31 09:00:49');
INSERT INTO `users_posts` (`id`, `user_id`, `body`, `created_at`, `updated_at`) VALUES ('77', '91', 'Excepturi pariatur qui aut minima facere consequatur tempora. Et expedita nam natus ad magnam. Accusantium autem inventore qui non libero.', '2018-06-15 23:46:49', '2020-05-31 09:00:49');
INSERT INTO `users_posts` (`id`, `user_id`, `body`, `created_at`, `updated_at`) VALUES ('78', '63', 'Aliquam nihil ratione molestias reprehenderit in. Commodi ratione earum explicabo id rerum temporibus totam. Repudiandae omnis nisi praesentium aut accusantium porro nemo. Dicta nisi praesentium atque quo ducimus.', '2012-05-18 20:22:53', '2020-05-31 09:00:49');
INSERT INTO `users_posts` (`id`, `user_id`, `body`, `created_at`, `updated_at`) VALUES ('79', '59', 'Nemo aut sit blanditiis similique. Tenetur necessitatibus et atque sed officiis. Occaecati tenetur dolor quidem quo sapiente culpa. Pariatur voluptatibus quo ipsum vero veniam cupiditate molestiae.', '1993-08-10 03:04:01', '2020-05-31 09:00:49');
INSERT INTO `users_posts` (`id`, `user_id`, `body`, `created_at`, `updated_at`) VALUES ('80', '86', 'Ratione aperiam maiores ullam odit aut. Nihil et dolorem nisi aliquid. Sapiente cumque alias sed qui.', '2010-02-03 04:15:41', '2020-05-31 09:00:49');
INSERT INTO `users_posts` (`id`, `user_id`, `body`, `created_at`, `updated_at`) VALUES ('81', '88', 'Suscipit aperiam hic est pariatur exercitationem repudiandae eligendi. Tempore quia nostrum odit alias sequi. Eligendi porro quisquam at accusamus explicabo cum.', '2011-12-28 14:06:23', '2020-05-31 09:00:49');
INSERT INTO `users_posts` (`id`, `user_id`, `body`, `created_at`, `updated_at`) VALUES ('82', '67', 'Accusantium quo iusto aut. Numquam quis eos in aut laborum accusamus. Corrupti dolor eius in ipsam vero. Ducimus hic voluptates ullam esse corrupti perferendis at. Et cumque ab repellendus aut occaecati.', '2011-01-28 19:08:54', '2020-05-31 09:00:49');
INSERT INTO `users_posts` (`id`, `user_id`, `body`, `created_at`, `updated_at`) VALUES ('83', '65', 'Tenetur minima similique sed occaecati voluptatum. Veritatis voluptas enim tempora error et. Consequuntur ut illo officia.', '1991-12-04 02:14:25', '2020-05-31 09:00:49');
INSERT INTO `users_posts` (`id`, `user_id`, `body`, `created_at`, `updated_at`) VALUES ('84', '42', 'Adipisci est vitae quod beatae. Pariatur perspiciatis consequatur porro alias aut minima id. Odio dolorum corporis eligendi dolorem veniam. Optio cumque officiis accusantium non animi explicabo autem. Laboriosam dolores culpa harum animi perferendis ullam et.', '2018-09-04 06:59:37', '2020-05-31 09:00:49');
INSERT INTO `users_posts` (`id`, `user_id`, `body`, `created_at`, `updated_at`) VALUES ('85', '97', 'Distinctio sint tenetur dolore ullam quis non vero. Provident dolorem doloremque maxime. Aut explicabo eos molestias minus vel autem totam. Soluta voluptate impedit laborum et incidunt fuga accusantium delectus. Deserunt modi et eius beatae quia qui rerum distinctio.', '1973-12-13 15:58:15', '2020-05-31 09:00:49');
INSERT INTO `users_posts` (`id`, `user_id`, `body`, `created_at`, `updated_at`) VALUES ('86', '57', 'Illum molestiae repudiandae eveniet consequatur quia repellendus architecto. Fuga ad qui molestiae cumque. Itaque id sapiente asperiores nisi aliquid quos rerum perferendis. Inventore perspiciatis et cum aut. Qui aut dolorum quisquam quaerat provident eos debitis dignissimos.', '1974-10-18 11:56:20', '2020-05-31 09:00:49');
INSERT INTO `users_posts` (`id`, `user_id`, `body`, `created_at`, `updated_at`) VALUES ('87', '97', 'Iure dolores minima eum et et non. Quasi voluptate laborum qui velit ipsam. Repellendus ea quia eum eum odio doloremque.', '2010-10-05 06:19:46', '2020-05-31 09:00:49');
INSERT INTO `users_posts` (`id`, `user_id`, `body`, `created_at`, `updated_at`) VALUES ('88', '18', 'Corrupti quis aut est eligendi. Libero inventore recusandae sapiente ipsum voluptatem possimus sed. Perferendis et distinctio ipsam numquam et non.', '1986-10-04 16:08:08', '2020-05-31 09:00:49');
INSERT INTO `users_posts` (`id`, `user_id`, `body`, `created_at`, `updated_at`) VALUES ('89', '32', 'Architecto sunt quia ut sit qui enim. Deserunt iste qui qui deserunt veritatis. Molestiae quia dolore eos velit delectus.', '1998-04-08 16:47:41', '2020-05-31 09:00:49');
INSERT INTO `users_posts` (`id`, `user_id`, `body`, `created_at`, `updated_at`) VALUES ('90', '87', 'Voluptatem omnis nulla eos et. Eligendi expedita maxime non.', '1970-03-26 22:32:33', '2020-05-31 09:00:49');
INSERT INTO `users_posts` (`id`, `user_id`, `body`, `created_at`, `updated_at`) VALUES ('91', '45', 'Adipisci omnis eum rerum voluptatem fugiat repellendus corrupti. Ullam voluptas praesentium aut minima ipsum voluptatem. Sit suscipit ducimus provident.', '1972-06-24 00:55:55', '2020-05-31 09:00:49');
INSERT INTO `users_posts` (`id`, `user_id`, `body`, `created_at`, `updated_at`) VALUES ('92', '12', 'Consequuntur fugiat aspernatur assumenda. Laudantium expedita placeat est iure repudiandae. Quisquam occaecati harum similique quia sunt ipsum saepe reprehenderit.', '1970-09-05 02:57:12', '2020-05-31 09:00:49');
INSERT INTO `users_posts` (`id`, `user_id`, `body`, `created_at`, `updated_at`) VALUES ('93', '95', 'Ea dolore dignissimos voluptas odit rem. Et qui dolor omnis voluptatem consequatur. Est sit maiores voluptatem.', '2002-08-25 03:47:06', '2020-05-31 09:00:49');
INSERT INTO `users_posts` (`id`, `user_id`, `body`, `created_at`, `updated_at`) VALUES ('94', '58', 'Quis facilis repellat exercitationem fugit sed sit velit. Et placeat nihil consequatur vel natus. Omnis reprehenderit optio deleniti in repellat. Aliquam repellat occaecati veritatis enim et enim.', '2013-03-08 20:16:46', '2020-05-31 09:00:49');
INSERT INTO `users_posts` (`id`, `user_id`, `body`, `created_at`, `updated_at`) VALUES ('95', '34', 'Voluptates blanditiis earum cupiditate voluptas. Omnis provident rerum est veritatis architecto maxime nisi.', '1976-05-16 22:47:06', '2020-05-31 09:00:49');
INSERT INTO `users_posts` (`id`, `user_id`, `body`, `created_at`, `updated_at`) VALUES ('96', '85', 'Dignissimos ut facere repellendus ipsa voluptatum nemo et. Reiciendis itaque molestiae ex animi repudiandae. Sint ut ut similique nihil non.', '2016-10-16 04:31:28', '2020-05-31 09:00:49');
INSERT INTO `users_posts` (`id`, `user_id`, `body`, `created_at`, `updated_at`) VALUES ('97', '72', 'Enim id illo minima consequatur consequatur omnis veniam. Tenetur laboriosam enim vel. Sint corporis nobis dignissimos dignissimos quia assumenda.', '1996-03-06 15:06:18', '2020-05-31 09:00:49');
INSERT INTO `users_posts` (`id`, `user_id`, `body`, `created_at`, `updated_at`) VALUES ('98', '22', 'Nemo natus facilis quaerat aliquam ut mollitia accusantium. Repudiandae atque perferendis eum. Dolor est ipsam voluptatem veniam. Omnis iste voluptatibus labore illum rerum.', '2017-10-22 10:34:19', '2020-05-31 09:00:49');
INSERT INTO `users_posts` (`id`, `user_id`, `body`, `created_at`, `updated_at`) VALUES ('99', '3', 'Blanditiis rerum molestiae qui sed aut laudantium vel sint. Blanditiis quis hic id facilis voluptas fuga. Veritatis in ut quas.', '2005-10-29 21:45:21', '2020-05-31 09:00:49');
INSERT INTO `users_posts` (`id`, `user_id`, `body`, `created_at`, `updated_at`) VALUES ('100', '91', 'Est ut earum perferendis voluptatum repellat nesciunt. Officiis corporis aperiam incidunt accusamus quis at qui et. Quia eum amet et optio expedita asperiores eos eos.', '1980-01-08 01:49:01', '2020-05-31 09:00:49');


